Intent,Response,Relevance,Intent (Roman Urdu),Response (Roman Urdu),,Index
Hi Mai,Hey! How can I help you today?,1,Hi Mai,aaj mein aap ki madad kaisay kar sakti hon ?,,General Statements
I feel anxious,Why do you feel that way?,1,mujhe baychaini mehsoos hoti hai,aap ko aisa kyun lagta hai ?,,Period Specific Qs
Because I dont understand periods,"I understand why you feel that way. Luckily, I am quite knowledgeable in menstruation. Feel free to ask me any questions you may have, I am here for you. ",1,kyunkay mujhe mahvari ki samajh nahi aati,"mein samjhti hon ke aap ko aisa kyun lagta hai. khush qismati se, mein mahvari ke baray mein kaafi ilm rakhti hon. bilaa jhijhak mujh se aap ka koi bhi sawal poucheen, mein aap ke liye haazir hon",,General Hygeine Qs
What is a period?,"A period is the part of the menstrual cycle when a woman bleeds from her vagina for a few days. For most women this happens every 28 days. but it's common for periods to be more or less frequent than this, ranging from day 21 to day 40 of their menstrual cycle.",1,mahvari kya hai ?,jab aurat ki andaam nihani/vagina se kuch dinon tak khoon aata hai tou usse mahwaari kehte hai. ziyada tar khawateen ke liye yeh har 28 din mein hota hai .lekin uska miqdaar kam ya zyada bhi hosakta hai (21-40 din),,Social Issues with Periods
I got my period and I haven't told my mom yet. It's really hard for me to talk about things like this. I have a lot of questions. What should I do?,"Lots of girls have the same concern. Your mom will be one of your best resources when you have questions about your period, so try to start the conversation yourself! Know that she will be understanding and helpful. Actually, she may be your best friend during this time in your life. Still don’t feel like you can talk to your mom? An aunt, friend’s mom or older sister are also great women to ask.",1,mujhe mahvari ho gayi hai aur mein ne abhi tak apni maa ko nahi bataya. is terhan ki cheezon ke baray mein baat karna mere liye waqai mushkil hai. mere paas bohat saaray sawalaat hain. mein kya karoon ?,"bohat si larkiyon ko yahi tashweesh hai. jab aap ko apni mahvari ke baray mein sawalaat hon ge to aap ki walida aap ke behtareen wasail mein se aik hon gi, lehaza baat cheet khud shuru karne ki koshish karen! jaan len ke woh samajh daar aur madadgaar hogi. darasal, woh aap ki zindagi ke is waqt ke douran aap ki behtareen dost hosakti hai. ab bhi mehsoos nahi hota ke aap apni maa se baat kar satke hain? aik khaala, dost ki maa ya barri behan bhi poochnay ke liye behtareen madad saabit hongi.",,Emergency
"Will anyone, like boys or my mom, notice when I have my period?","No — not unless you tell them! If they ask you, it’s totally up to you to share or not.",1,kya kisi ko jaisay ke larkoon ko ya meri maa ko meri mahvari ki ittilaa hogi ?,"nahi jab tak ke aap inhen nah bitayen! agar woh aap se puchhte hain, to yeh mukammal tor par aap par munhasir hai ke aap ishtiraaq karen ya nah karen .",,
Can I ask you more questions about my period?,Yes! Feel free to ask me your questions.,1,kya mein aap se apni mahvari ke baray mein mazeed sawalaat pooch sakti hon ?,jee haan! bilaa jhijhak mujh se apne sawalaat poucheen .,,
Why am I having it?,"The body produces an egg every month. The uterus lining gets thicker to prepare for a egg that is fertilized in case the woman becomes pregnant. If the egg is not fertilized, the body gets rid of it. The lining is then released from the body as blood through the vagina. This monthly process is called menstruation or a period. So when a girl has her period, her body is just getting rid of a small amount of blood and some unneeded tissue. It is a natural, normal body process for all females as they become women and mature physically.",1,mujhe yeh kyun ho raha hai ?,"jism har mah aik anda peda karta hai. bacha daani/uterus ki parat aik anday ke liye tayyar karne ke liye mouti ho jati hai jo aurat ke haamla honay ki soorat mein khad daali jati hai. agar anday ko fertilise nah kya jaye to jism is se nijaat paata hai. is ke baad Aster ko jism se khoon ke tor par andaam nihani/vagina ke zariye kharij kya jata hai. is mahana amal ko haiz ya muddat kaha jata hai. lehaza jab kisi larki ko mahvari hoti hai, to is ke jism se khoon ki thori si miqdaar aur kuch ghair zaroori tissues nikaltay hain. yeh tamam khawateen ke liye aik fitri, normal jismani amal hai kyunkay woh aurat ban jati hain aur jismani tor par baaligh hoti hain .",,
How long will it last?,"Your period can last between 3 and 8 days, but it will usually last for about 5 days. The bleeding tends to be heaviest in the first 2 days.",1,yeh kab tak chalay ga ?,"aap ka mahvari 3 se 8 din ke darmiyan reh sakta hai, lekin yeh aam tor par taqreeban 5 din tak jari rahay ga. khoon behna pehlay 2 dinon mein sab se ziyada hoga .",,
Is it a one time occurance?,A period occurs every 21 to 35 days starting from around age 12 and occuring upto age 50.,1,kya yeh aik baar ka waqea hai ?,mahvari har 21 se 35 din baad hoti hai. 12 saal ki umar se shuru hota hai aur 50 saal ki umar tak hota hai .,,
"What if I have my period twice in one month, is that normal?","Yes, it’s possible. Why? Some months, your menstrual cycle may last for more or fewer days than the previous month. Or, your cycle may start earlier or later than before. If you usually have a regular cycle, a change in your cycle could indicate a medical condition. In case of any concerns, please talk to your doctor to get individual medical advice.",1,agar mujhe aik mahinay mein do baar haiz aaye to kya yeh mamool hai ?,"haan, yeh mumkin hai. kyun? kuch mahino mein, aap ka mahvari pichlle mahinay ki nisbat ziyada ya kam dinon tak jari reh sakta hai. ya aap ka cycle pehlay ya baad mein shuru ho sakta hai. agar aap ka aam tor par baqaida cycle hai, to aap ke cycle mein tabdeeli tibbi haalat ki nishandahi kar sakti hai. kisi bhi tashweesh ki soorat mein, barah karam infiradi tibbi mahswara haasil karne ke liye apne doctor se baat karen",,
It seems too difficult to keep track of when it will occur,You can track your period with an app called Clue. It is available on the Playstore. Here is a quick link to the app:https://helloclue.com//,1,yeh kab ho ga is ka suraagh lagana bohat mushkil lagta hai,aap clue nami app ke zariye apne mahvari ko track kar satke hain. yeh play store par dastyab hai.app ka aik fori link yeh hai : https://helloclue.com//,,
"Mine dont occur on those times, they are irregular","Your period is irregular if it comes more frequently than 21 days, or you go 35 days or more between periods.",1,mera mahvari be qaida hai .,"aap ki mahvari be qaida hai agar yeh 21 din se ziyada kasrat se aati hai, ya aap mahvari ke darmiyan 35 din ya is se ziyada jatay hain .",,
Why are they irregular?,"Sometimes irregular periods can be caused by some medicines, exercising too much, having a very low or too high body weight, and hormonal imbalances. Please check with your doctor if you feel you have irregular periods. ",1,woh be qaida kyun hain ?,"baaz auqaat be qaida mahvari kuch adwiyaat, bohat ziyada werzish, bohat kam ya bohat ziyada jismani wazan, aur hormonal adam tawazun/imbalance ki wajah se ho sakti hai. agar aap ko lagta hai ke aap ko be qaida mahvari hai to barah karam apne dr se rujoo karen .",,
How should I treat this?,"For irregular periods there usually is no immediate reason to consult your doctor. But if you are concerned, please do so. If you need contraception your doctor can help you with that by prescribing you hormonal contraceptives which do not only reliably prevent unintended pregnancies but can also stabilize your menstrual cycle so that you can better plan for your periods.",1,mein is ka ilaaj kaisay karoon ?,be qaida mahvari ke liye aam tor par –apne dr se mahswara karne ki koi fori wajah nahi hoti. lekin agar aap fikar mand hain to barah karam aisa karen. agar aap ko Maney hamal ki zaroorat ho to aap ka dr aap ko hormonal Maney hamal adwiyaat tajweez karkay is mein aap ki madad karsaktha hai jo nah sirf ghair iraadi hamal ko qabil aetmaad tareeqay se roktay hain balkay aap ke mahvari ko bhi mustahkam kar saktay hain taakay aap apne mahvari ke liye behtar mansoobah bandi kar saken .,,
Can these irregularities lead to other health problems?,"The presence of menstrual irregularities can be a sign of other health problems such as thyroid disease, POI, endometriosis, PCOS, polyps, and uterine fibroids If left untreated, menstrual irregularities can lead to or contribute to other conditions. These possible conditions vary depending on the type of menstrual irregularity, but some include thickening of the lining of the uterus (called endometrial hyperplasia), low bone density, and iron-deficient anemia. It is important for a woman with a menstrual irregularity to speak to a health care provider to determine the cause of the irregularity and to receive appropriate treatment as necessary.",1,kya yeh be zaabtgi/irregularities sehat ke deegar masail ka baais ban sakti hai ?,"mahvari ki be qaadgyon ki mojoodgi deegar sehat ke masail ki alamat ho sakti hai jaisay ke thyroid ki bemari, poi, endometriosis, pcos, polyps, aur uterine fibroids agar ilaaj nah kya jaye to mahvari ki be qaidgi deegar halaat ka baais ban sakti hai ya is mein hissa daal sakti hai. yeh mumkina halaat mahvari ki be qaidgi ki qisam ke lehaaz se mukhtalif hoti hain, lekin kuch mein bacha daani/uterus ki parat ka gaarha hona ( jisay endometrial hyperplasia kaha jata hai ), hadion ki kam kasafat, aur iron ki kami ka khoon ki kami shaamil hain. mahvari ki be qaidgi wali aurat ke liye yeh zaroori hai ke woh be qaidgi ki wajah ka taayun karne ke liye sehat ki dekh bhaal karne walay se baat kere aur zaroorat ke mutabiq munasib ilaaj haasil kere .",,
Can they lead to cancer?,"Menstrual irregularities can sometimes be a sign of an underlying condition that may be associated with a higher risk for cancer. However, heavy or prolonged menstrual bleeding are not known to be associated with cancer.",1,kya woh cancer ka baais ban satke hain ?,"mahvari ki be qaidgi baaz auqaat aik bunyadi haalat ki alamat hosakti hai jo cancer ke ziyada khatray se wabasta hosakti hai. taham, ziyada ya taweel mahvari ka khoon behna cancer se wabasta nahi hai .",,
Oh okay. Thank you Mai,Anytime! Feel free to message me again whenever you have a question.,1,oh theek hai. shukriya maai,koi masla nahi! jab bhi aap ko koi sawal ho to bulaa jhijhak mujhe dobarah msg karen .,,
Can I share something else with you?,Of course.,,kya mein aap ke sath kuch aur share kar sakti hon ?,bilkul .,,
I am afraid I wont be able to go school during my period,"Your period doesn’t have to stop you from doing things you usually do. You can still go to school, help at home, see your friends, play sports and do all the things you would normally do.",1,mujhe dar hai ke mein apne mahvari ke douran school nahi ja sakun gi,"aap ki mahwaari aap ko un kamon se roknay ki zaroorat nahi hai jo aap aam tor par karte hain. aap ab bhi school ja satke hain, ghar mein madad kar satke hain, –apne doston ko dekh satke hain, khail khail satke hain aur woh tamam kaam kar satke hain jo aap aam tor par karte hain .",,
What should I do when I get my period?,You should wash your hands with soap and water and place a sanitary pad in your underwear. Replace the used pad with a new pad every four to eight hours.,1,jab mujhe mahwaari aati hai tou mujhe kya karna chahiye,"apne haath sabun aur pani se dhowen aur,  pad pehne. istemaal shuda pad ko har chaar se aath ghantay baad naye pad se tabdeel karen .",,
Where can I get these sanitary or menstural pads?,You can buy them at the nearest store or order them online through DARAZ. Here is a link for it: https://www.daraz.pk/catalog/?q=pads&_keyori=ss&from=input&spm=a2a0e.searchlist.search.go.8c6029b8wWUnZl,1,Mai ye sanitary ya mahwaari ke pads kahaan se haasil karsakti hun,Aap unhe qareebi store ya daraz ke zariye online order karsakte hai. Uska link ye hai https://www.daraz.pk/catalog/?q=pads&_keyori=ss&from=input&spm=a2a0e.searchlist.search.go.8c6029b8wWUnZl,,
I feel ashamed of buying them,"You should not be ashamed about it as menstruation is a completely natural process and it is important maintain them properly, that includes using the right products.  ",1,Mai unhe khareedte huwe sharam mehsoos karti hun,"aap ko is ke baray mein sharminda nahi hona chahiye kyunkay haiz aik mukammal tor par qudrati amal hai aur un ko sahih tareeqay se barqarar rakhna zaroori hai, jis mein sahih masnoaat ka istemaal bhi shaamil hai .",,
What are some other good sanitary products?,"Most girls don’t know that there are various different types of sanitary products available for them. These include Period Sponges, Tampons, Menstrual Cup, Sanitary Napkin, Period Panties, Panty Liners. In Pakistan, pads are the most popular and easily available.",1,mazeed sanitary masnooaat kya hai,"ziyada tar larkiyan yeh nahi janteen ke un ke liye mukhtalif qisam ki sanitary masnoaat dastyab hain. un mein Period Sponges, Tampons, Menstrual Cup, Sanitary Napkin, Period Panties, Panty Liners shaamil hain. Pakistan mein pad sab se ziyada maqbool aur aasani se dastyab hain .",,
What are period sponges?,"A menstrual sponge or period sponge is a type of sponge that is reusable. Wet the sponge with warm water to soften it, squeeze to remove excess water and carefully insert into your vagina. It will absorb and retain the blood inside of your vagina.",1,period sponges kya hai,"mahvari ka sponge ya period sponge aik qisam ka sponge hai jo dobarah qabil e istemaal hai. sponge ko naram karne ke liye usay garam pani se geela karen, izafi pani ko nikaalte ke liye nichorain aur ahthyat se apni andaam nihani/vagina mein daakhil karen. yeh aap ki andaam nihani/vagina ke andar khoon ko jazb aur barqarar rakhay ga .",,
What are tampons?,"A tampon is a menstrual product designed to absorb blood and vaginal secretions by insertion into the vagina during menstruation. Unlike a pad, it is placed internally inside of the vaginal canal. Once inserted correctly, a tampon is held in place by the vagina and expands as it soaks up menstrual blood.",1,tampons kya hai,"tampon aik mahvari ki masnoaat hai jo haiz ke douran andaam nihani/vagina mein daakhil karkay khoon aur andaam nihani/vagina ki secretion ko jazb karne ke liye design ki gayi hai. pad ke bar aks, yeh androoni tor par andaam nihani/vagina ki naali ke andar rakha jata hai. aik baar sahih tareeqay se daakhil karne ke baad, andaam nihani/vagina ke zareya aik tampon ko jagah par rakha jata hai aur yeh mahvari ke khoon ko jazb karne ke sath phialta hai .",,
What are menstrual cups?,A menstrual cup is a menstrual hygiene device which is inserted into the vagina during menstruation. Its purpose is to collect menstrual fluid. Menstrual cups are usually made of flexible silicone.,1,menstrual cups kya hote hai,mahvari ka cup mahvari se mutaliq hifzaan sehat ka aala hai jo haiz ke douran andaam nihani/vagina mein daakhil kya jata hai. is ka maqsad mahvari ke seyal ko jama karna hai. mahvari ke cupp aam tor par lachak dar slikon se banay hotay hain,,
What are sanitary napkins?,"A menstrual pad, or simply pad, is an absorbent item worn by women in their underwear when menstruating.",1,sanitary napkins kya hote hai,"mahvari ka pad, ya seedha pad, aik jaazib shai hai jo aurtain mahvari ke douran apne zair jama pehanti hain",,
What are menstrual pads?,"A menstrual pad, or simply pad, is an absorbent item worn by women in their underwear when menstruating.",1,menstrual pads kya hote hai ,"mahvari ka pad, ya seedha pad, aik jaazib shai hai jo aurtain mahvari ke douran apne zair jama pehanti hain",,
What are period panties?,Period underwear are absorbent clothing designed to be worn during menstruation.,1,Period panties kya hai,period underwear jaazib libaas hain jo haiz ke douran pahannay ke liye design kiye gaye hain .,,
What are panty liners?,A pantyliner is an absorbent piece of material used for feminine hygiene. It is worn inside the underwear. Some uses include absorbtion of vaginal discharge and light menstrual flow.,,Panty Liners kya hai ,panty liner aik jaazib mawaad hai jo nisaye hifzaan sehat ke liye istemaal hota hai. yeh zair jama ke andar pehna jata hai. kuch istemaal mein andaam nihani/vagina se kharij honay walay madah ko jazb karna aur mahvari ka halka bahao shaamil hai .,,
Can I use these products at night for my period?,"You can use a menstrual pad, period sponge, tampon, or a period panty at night to absorb your period.",1,kya mai ye products apni mahwaari keliye raat ko istemaal karsakti hun,"aap mahvari ka pad, period sponge, tampon, ya raat ke waqt period panty istemaal kar satke hain taakay aap ki mahvari ko jazb kya ja sakay .",,
Do I need to change my pad?,"In order to take care of your hygiene, It is important to change your pad every four to eight hours.",1,kya mujhe apna pad tabdeel karne ki zaroorat hai ?,"apni hifzaan sehat ka khayaal rakhnay ke liye, har chaar se aath ghantay baad apna pad tabdeel karna zaroori hai .",,
What other ways can I take care of my hygiene during my period?,You should regularly wash your labial area with clean water. You should also dispose of your used period products hygienically.,1,mein apni mahvari ke douran apni hifzaan sehat ka khayaal rakhnay ke aur kon se tareeqay kar sakta hon ?,aap ko baqaidagi se –apne labial area ko saaf pani se dhona chahiye. aap ko apni istemaal shuda muddat ki masnoaat ko bhi hifzaan sehat ke sath zaya karna chahiye .,,
Is it normal to get cramps during my period?,Some girls and women get cramps or other symptoms during their periods that may be uncomfortable. This is typically due to the hormones your body releases during menstruation that cause the uterus to contract so it can shed it’s lining.,1,kya mahvari ke douran dard hona mamool hai ?,kuch larkiyon aur khawateen ko un ki mahvari ke douran dard ya deegar alamaat hoti hain jo takleef da hosakti hain. yeh aam tor par haiz ke douran aap ke jism se kharij honay walay harmons ki wajah se hota hai jis ki wajah se bacha daani/uterus suker jati hai taakay yeh is ke Aster ko baha sakay .,,
How can I manage them?,"To reduce period cramps and pain you can try the following things: placing a heating pad on your belly or lower back, or having a hot bath. Cramps are a pretty standard part of having your period. But if your period pain is so painful that you can’t take part in everyday life, please consult your doctor.",1,mai iska intezaam kaise karsakti hun,"mahvari ke dard aur dard ko kam karne ke liye aap darj zail cheeze aazma satke hain : –apne pait ya kamar ke nichale hissay par hating pad rakhna, ya garam ghusal karna. dard aap ki mahvari ka aik khobsorat mayaari hissa hai. lekin agar aap ki mahvari ka dard itna takleef da hai ke aap roz marrah ki zindagi mein hissa nahi le satke to barah karam apne doctor se rujoo karen .",,
I think my period cramps are very painful,"Painful period cramps could be caused by heavy menstrual bleeding or by endometriosis. In endometriosis, the cells or tissue lining the uterus, grow outside the uterus. You should see your doctor who can do a blood test and get your history to help you get better.",1,mujhe lagta hai ke meri mahwaari ke dard bohat takleef deh hai ,"dard naak mahvari ke dard bohat ziyada mahvari khoon behnay ya endometriosis ki wajah se ho saktay hain. endometriosis mein, bacha daani/uterus ke Aster walay khaliyaat ya tissue, bacha daani/uterus ke bahar barhatay hain. aap ko –apne dr se milna chahiye jo khoon ki jaanch kar sakta hai aur aap ki history haasil kar sakta hai taakay aap ko behtar honay mein madad miley .",,
What colour is a normal period?,Healthy period blood typically varies from bright red to dark brown or black. Blood or discharge that is orange or grey may indicate an infection.,1,Aik aam mahwaari ka rang kya hota hai,sehat mand mahvari ka khoon aam tor par roshan surkh se gehray bhooray ya siyah tak mukhtalif hota hai. khoon ya kharij honay wala madah jo naranji ya surmai rang ka ho kisi infection ki nishandahi kar sakta hai .,,
My periods are a weird color. What should I do,Period color ranges from bright red to dark brown and black. The color of period blood depends on how long the blood stays in the uterus and vagina. ,1,Mere mahwaari ka rang ajeeb hai. Mai kya karun,mahvari ka rang roshan surkh se gehra bhoora aur siyah hota hai. douran khoon ka rang is baat par munhasir hota hai ke khoon kitni der tak bacha daani/uterus aur andaam nihani/vagina mein rehta hai .,,
My period color is not bright red,What color is your period flow?,1,Mere mahwaari ka rang roshan surkh nahi hai ,Aap ki mahwaari ka rang kya hai ,,
Dark red,"This color suggests a slower flow. For most people, the blood gets darker over the course of the cycle. This is because older blood from the deeper parts of the uterine lining is shed later. Brown blood is also common in the weeks after you give birth. However, in some cases dark red or brown blood may be an early sign of pregnancy and black blood may be a sign of a vaginal blockage. If these colors are unexpected or abnormal for you, talk to your healthcare provider.",1,gehra surkh,"yeh rang sust bahao ki tajweez karta hai. ziyada tar logon ke liye, cycle ke douran khoon gehra ho jata hai. is ki wajah yeh hai ke bacha daani/uterus ke Aster ke gehray hisson se purana khoon baad mein bahaya jata hai. aap ki paidaiesh ke baad ke hafton mein bhoora khoon bhi aam hai. taham, baaz sooraton mein gehra surkh ya bhoora khoon hamal ki ibtidayi alamat ho sakta hai aur siyah khoon andaam nihani/vagina ki rukawat ki alamat ho sakta hai. agar yeh rang aap ke liye ghair mutawaqqa ya ghair mamooli hain to apne health care faraham kanandah se baat karen .",,
Sometimes it is even black,"This color suggests a slower flow. For most people, the blood gets darker over the course of the cycle. This is because older blood from the deeper parts of the uterine lining is shed later. Brown blood is also common in the weeks after you give birth. However, in some cases dark red or brown blood may be an early sign of pregnancy and black blood may be a sign of a vaginal blockage. If these colors are unexpected or abnormal for you, talk to your healthcare provider.",1,kabhi kabhi ye kaala bhi hota hai ,"yeh rang sust bahao ki tajweez karta hai. ziyada tar logon ke liye, cycle ke douran khoon gehra ho jata hai. is ki wajah yeh hai ke bacha daani/uterus ke Aster ke gehray hisson se purana khoon baad mein bahaya jata hai. aap ki paidaiesh ke baad ke hafton mein bhoora khoon bhi aam hai. taham, baaz sooraton mein gehra surkh ya bhoora khoon hamal ki ibtidayi alamat ho sakta hai aur siyah khoon andaam nihani/vagina ki rukawat ki alamat ho sakta hai. agar yeh rang aap ke liye ghair mutawaqqa ya ghair mamooli hain to apne health care faraham kanandah se baat karen .",,
I also wanted to ask what is hormonal imbalance?,"A hormonal imbalance means that women or girls have too much or too little of a certain hormone (like estrogen and progesterone). Estrogen, progesterone, testosterone, thyroxin, insulin and cortisol levels can be detected in the blood through blood tests. Please talk to your doctor for individual medical advice.",0.5,mai ye poochna chahti hun ke hormonal adam tawaazun (hormonal imbalance) kya hai,"hormonal adam tawazun/imbalance ka matlab hai ke khawateen ya larkiyon mein kisi khaas hormone ki miqdaar bohat ziyada ya bohat kam hoti hai ( jaisay estrogen aur progesterone ). khoon ke test ke zariye khoon mein estrogen, progesterone, tistostiron, thyroxin, insoline aur cortisol ki satah ka pata lagaya ja sakta hai. barah karam infiradi tibbi mashwaray ke liye –apne dr se baat karen .",,
How do I know if I have this?,"There are various symptoms of an hormonal imbalance including heavy or irregular periods, thinning hair or hair loss, weight gain or trouble losing weight, night sweats and many more.",0.5,mujhe kaise pata chalega ke ye mujhe hai ,"hormonal adam tawazun/imbalance ki mukhtalif alamaat hain jin mein bhaari ya be qaida mahvari, balon ka patla hona ya girna, wazan barhna ya wazan kam hona, raat ko paseena aana aur bohat kuch .",,
How is it different from irregular periods?,"There are various symptoms of an hormonal imbalance including heavy or irregular periods, thinning hair or hair loss, weight gain or trouble losing weight, night sweats and many more.",0.5,ye be qaida (irregular) mahwaari se kaise mukhtalif hai,"hormonal adam tawazun/imbalance ki mukhtalif alamaat hain jin mein bhaari ya be qaida mahvari, balon ka patla hona ya girna, wazan barhna ya wazan kam hona, raat ko paseena aana aur bohat kuch .",,
When do periods start?,"Periods usually begin around the age of 12, although some girls will start them earlier or later than that. A delay in starting periods isn't usually a cause for concern. Most girls will be having regular periods by age 16 to 18",1,mahwaari kab shuru hoti hai,"mahvari aam tor par 12 saal ki umar mein shuru hoti hai, halaank kuch larkiyan is se pehlay ya baad mein shuru karen gi. adwaar shuru honay mein takheer aam tor par tashweesh ka baais nahi hoti. ziyada tar larkiyon ko 16 se 18 saal ki umar mein baqaidagi se mahvari anay lagti hai .",,
Is it normal for them to start earlier than that?,Some girls will start them earlier. Starting periods early isn't usually a cause for concern. Most girls will be having regular periods by age 16 to 18.,1,kya unke liye isse pehle shuru hona maamool hai,kuch larkiyan inhen pehlay shuru karen gi. mahvari ka jald shuru hona aam tor par tashweesh ka baais nahi hota hai. ziyada tar larkiyon ko 16 se 18 saal ki umar mein baqaidagi se mahvari anay lagti hai .,,
Is it normal for them to start later than that?,Some girls will start them later. A delay in starting periods isn't usually a cause for concern. Most girls will be having regular periods by age 16 to 18,1,kya unke liye iske baad shuru hona maamool hai ,kuch larkiyan inhen baad mein shuru karen gi. adwaar shuru honay mein takheer aam tor par tashweesh ka baais nahi hoti. ziyada tar larkiyon ko 16 se 18 saal ki umar mein baqaidagi se mahvari anay lagti hai .,,
Will I be able to get pregnant during it?,"It is very unlikely to get pregnant during your period, however it is still possible.",1,kya mein is ke douran haamla ho sakti hun ?,"aap ki mahvari ke douran haamla honay ka imkaan bohat kam hai, taham yeh ab bhi mumkin hai .",,
Can muslims have sex during periods?,"No. Just like muslims cannot pray, fast or touch the Holy Book, the religion of Islam does not permit this.",1,kya musalmaan mahwaari ke doraan hambistri karsakte hai,"nahi, jis terhan musalman namaz, roza ya muqaddas kitaab ko haath nahi laga satke, deen islam is ki ijazat nahi deta .",,
What are the small clots in my period?,"It's perfectly normal to notice some clumps from time to time during your period. These are blood clots that may contain tissue. As the uterus sheds its lining, this tissue leaves the body as a natural part of the menstrual cycle. So clots of tissue are usually nothing to be concerned about.",1,mere mahvari mein chhootey jamnay kya hain ?,"aap ki mahvari ke douran waqtan foqatan kuch jhuriyan nazar aana bilkul mamool ki baat hai. yeh khoon ke jamnay hain jin mein tissue shaamil ho satke hain. jaisa ke bacha daani/uterus apni Aster ko bahati hai, yeh tissue mahvari ke qudrati hissay ke tor par jism se nikal jata hai. lehaza tissue ke jamnay aam tor par fikar mand honay ki koi cheez nahi hai .",,
"Sometimes when I’m between periods, 
I get white stuff in my underwear. Is that normal?","Yes, it’s absolutely normal to experience a white discharge. It varies throughout your cycle. It is common to have it at the beginning and the end of your cycle. As you approach ovulation (the release of the egg) you may notice mucous down there (it kind of looks like egg white). Your body tends to produce the greatest amount of this type of vaginal discharge on the day of ovulation so you may want to wear a panty liner at this time.",1,"kabhi kabhi jab mai mahwaari mai hoti hun, mujhe apne zair e jaama mai safeed cheezain milti hai. Kya ye normal hai","jee haan, safaid madah ka tajurbah karna bilkul aam baat hai. yeh aap ke poooray daur mein mukhtalif hota hai. aap ke cycle ke shuru aur aakhir mein is ka hona aam hai. jaisay hi aap beza daani ( anday ka ikhraj ) ke qareeb pahunchte hain aap ko wahan balgham nazar aata hai ( yeh anday ki safedi ki terhan lagta hai ). aap ka jism beza daani ke din is qisam ke andaam nihani/vagina se kharij honay walay madah ki sab se ziyada miqdaar peda karta hai lehaza aap is waqt panty liners pehnana chahain ge .",,
Why is there white discharge before my period?,The white discharge you may see before your period is known as leukorrhea. It's filled with fluid and cells that are being shed from the vagina. It's when the hormone progesterone peaks in your body.,1,mahwaari se pehle safaid maada kyun hota hai,safaid madah jo aap ko mahvari se pehlay nazar aata hai usay leucorrhoea kaha jata hai. yeh seyal aur khaliyaat se bhara sun-hwa hai jo andaam nihani/vagina se bahaya ja raha hai. yeh is waqt hota hai jab aap ke jism mein hormone پروجیسٹرون urooj par hota hai .,,
What about the small clots in my period?,"It's perfectly normal to notice some clumps from time to time during your period. These are blood clots that may contain tissue. As the uterus sheds its lining, this tissue leaves the body as a natural part of the menstrual cycle. So clots of tissue are usually nothing to be concerned about.",1,meri muddat mein chhootey jamnay ka kya hoga ?,"aap ki mahvari ke douran waqtan foqatan kuch jhuriyan nazar aana bilkul mamool ki baat hai. yeh khoon ke jamnay hain jin mein tissue shaamil ho satke hain. jaisa ke bacha daani/uterus apni Aster ko bahati hai, yeh tissue mahvari ke qudrati hissay ke tor par jism se nikal jata hai. lehaza tissue ke jamnay aam tor par fikar mand honay ki koi cheez nahi hai .",,
What is premenstrual syndrome?,"Most common premenstrual symptoms are depressive mood, angry outbursts, irritability, anxiety, confusion, social withdrawal, breast tenderness, abdominal bloating, headache, and swelling of extremities. Medical researchers are still working on identifying the exact cause of these symptoms, but it is certain that they are linked to the hormonal fluctuations during the menstrual cycle. Please talk to your doctor if you are heavily suffering from these symptoms.",1,premenstrual syndrome kia hai?,"mahvari se pehlay ki sab se ziyada aam alamaat afsurdah mizaaj, ghusse mein phootna, chirchira pan, iztiraab, uljan, samaji dast bardari, chhaati mein narmi, pait ka phoolna, sir dard, aur aaza ki soojan hain. tibbi mohqiqeen ab bhi un alamaat ki sahih wajah ki nishandahi par kaam kar rahay hain, lekin yeh yakeeni hai ke un ka talluq mahvari ke douran harmons ke utaar charhao se hai. agar aap un alamaat mein bohat ziyada mubtala hain to barah karam apne dr se baat karen .",No contraceptives please!,
How can I manage its symptoms?,"You may want to exercise, skip salty foods, and cut back on caffeine the week before your period. If your mood is still tricky, talk to your doctor. They may suggest you take medication.",1,Me is ki alamaat ko kis tarah munazam karsakti hun?,"aap apni mahvari se aik hafta pehlay werzish karna, namkeen khaano ko chhorna, aur caffeine ko kam karna chahtay hain. agar aap ka mood ab bhi mushkil hai to –apne dr se baat karen. woh aap ko dawa lainay ka mahswara day satke hain .

",,
Why do we get periods,"The body produces an egg every month. The uterus lining gets thicker to prepare for a egg that is fertilized in case the woman becomes pregnant. If the egg is not fertilized, the body gets rid of it. The lining is then released from the body as blood through the vagina. This monthly process is called menstruation or a period. So when a girl has her period, her body is just getting rid of a small amount of blood and some unneeded tissue. It is a natural, normal body process for all females as they become women and mature physically.",1,Hamay mahvari kuyn hoti hai?,"jism har mah aik anda peda karta hai. bacha daani/uterus ki parat aik anday ke liye tayyar karne ke liye mouti ho jati hai jo aurat ke haamla honay ki soorat mein khad daali jati hai. agar anday ko frtilayz nah kya jaye to jism is se nijaat paata hai. is ke baad Aster ko jism se khoon ke tor par andaam nihani/vagina ke zariye kharij kya jata hai. is mahana amal ko haiz ya muddat kaha jata hai. lehaza jab kisi larki ko mahvari hoti hai, to is ke jism se khoon ki thori si miqdaar aur kuch ghair zaroori tissues nikaltay hain. yeh tamam khawateen ke liye aik fitri, normal jismani amal hai kyunkay woh aurat ban jati hain aur jismani tor par baaligh hoti hain .",,
At what age do periods start?,"Periods usually begin at around the age of 12, although some girls will start them earlier or later. A delay in starting periods isn't usually a cause for concern. Most girls will be having regular periods by age 16 to 18",1,Mahvari kis umer me shuruh hoti hai?,"mahvari aam tor par 12 saal ki umar mein shuru hoti hai, halaank kuch larkiyan inhen pehlay ya baad mein shuru kar deti hain. adwaar shuru honay mein takheer aam tor par tashweesh ka baais nahi hoti. ziyada tar larkiyon ko 16 se 18 saal ki umar mein baqaidagi se mahvari anay lagti hai .",,
At what age do periods end?,Menopause is the time that marks the end of your menstrual cycles. It's diagnosed after you've gone 12 months without a menstrual period. Menopause can happen in your 40s or 50s.,1,Mahvari kis umer me khatam hoti hai?,menopause woh waqt hai jo aap ke mahvari ke ekhtataam ki nishandahi karta hai. is ki tashkhees is waqt hoti hai jab aap 12 mah baghair haiz ke guzar chuke hon. rajunoorti/menopause aap ke 40 ya 50 ki dahai mein hosakti hai .,,
How long does a period last?,"Your period can last between 3 and 8 days, but it will usually last for about 5 days. The bleeding tends to be heaviest in the first 2 days.",1,Mahvari kitni lambi chalti hai?,"aap ki mahwaari 3 se 8 din ke darmiyan reh sakti hai, lekin yeh aam tor par taqreeban 5 din tak jari rahay gi. khoon behna pehlay 2 dinon mein sab se ziyada hota hai .",,
Isn't Period Blood Just Regular Blood?,"Period blood is made up of the same blood that is flowing through your veins, but it also contains tissue that has been shed from the lining of your uterus. That's why its color and consistency are different from what you would see if you, say, cut your finger.",1,Kia mahvari ka khoon aam khoon ki tarah hai?,"mahvari ka khoon isi khoon se bana hota hai jo aap ki ragon se beh raha hai, lekin is mein woh tissue bhi hota hai jo aap ki bacha daani/uterus ki parat se baha hota hai. is liye is ka rang aur mustaqil mizaji is se mukhtalif hai jo aap dekhen ge ke agar aap apni ungli kaat den ge .",,
Do boys get periods?,"No, they do not. Only females do.",1,Kia Larko ko mahvari aati hai?,"nahi, woh nahi karte. sirf khawateen hi karti hain .",,
What does a period feel like?,"The actual flow of your period doesn’t feel like much when it’s happening. Chances are, you won’t even feel it coming out. When you actually start your period, you may feel some dampness in your private area — this may be caused by a few spots of blood on your underwear.",1,Mahvari kaisi mehsus hoti hai?,"aap ke mahvari ka asal bahao ziyada mehsoos nahi hota jab yeh ho raha hai. imkanaat hain, aap ko yeh mehsoos bhi nahi hoga ke yeh bahar aata hai. jab aap waqai apni mahvari shuru karte hain, to aap ko apne private hissay mein kuch nami mehsoos hosakti hai - yeh aap ke zair jama par khoon ke chand dhabbon ki wajah se ho sakta hai .",,
Does having your period smell?,"Healthy periods can have a slight smell of blood. They may even have a slight metallic smell from iron and bacteria, something like a copper coin. Generally speaking, period odors aren't noticeable to others. Good hygiene practices can also combat normal period odors and make you more comfortable during menstruation.",1,Kia mahvari me badbu hoti hai?,"sehat mand mahvari mein khoon ki halki bo aa sakti hai. un mein lohay aur bacteria se halki si dhaati bo bhi ho sakti hai, tanbay ke sakay ki terhan. aam tor par, muddat ki badboo doosron ke liye qabil tawajah nahi hai. hifzaan sehat ke achay tareeqay mamool ki badboo se bhi lar satke hain aur mahvari ke douran aap ko ziyada aaraam da bana satke hain .",,
Does having your period hurt?,"Menstruation itself doesn’t hurt, but some girls and women get cramps or other symptoms during their periods that may be uncomfortable. This is typically due to the hormones your body releases during menstruation that cause the uterus to contract so it can shed it’s lining.",1,Kia Mahvari taqleef de hotay hai?,"mahvari khud takleef nahi deti, lekin kuch larkiyon aur khawateen ko mahvari ke douran dard ya deegar alamaat hoti hain jo takleef da hosakti hain. yeh aam tor par haiz ke douran aap ke jism se kharij honay walay harmons ki wajah se hota hai jis ki wajah se bacha daani/uterus suker jati hai taakay yeh is ke Aster ko baha sakay .",,
Is there anything I won’t be able to do when I have my period?,"Your period doesn’t have to stop you from doing things you usually do. You can still go to school, help at home, see your friends, play sports and do all the things you would normally do.",1,Kia koi aisi chez hai jo me mahvari me nahi karsakti?,"aap ki mahvari aap ko un kamon se roknay ki zaroorat nahi hai jo aap aam tor par karte hain. aap ab bhi school ja satke hain, ghar mein madad kar satke hain, apne doston ko dekh satke hain, khail khail satke hain aur woh tamam kaam kar satke hain jo aap aam tor par karte hain .",,
How much blood do I lose during my period?,"Most girls lose about 60 milliliters (about 4 tablespoon) of menstrual fluid during their periods (mostly in the first few days). Not to worry, though — your body makes up for it.",1,Meray mahvari me kitna khoon nikalta hai?,"ziyada tar larkiyan mahvari ke douran taqreeban 60 mili letter ( taqreeban 4 khanay ke chamach ) pani se mahroom ho jati hain ( ziyada tar pehlay chand dinon mein ). pareshan honay ki koi baat nahi, agarchay aap ka jism is ke liye tayyar hai .",,
Why are there small clots in my period,"It's perfectly normal to notice some clumps from time to time during your period. These are blood clots that may contain tissue. As the uterus sheds its lining, this tissue leaves the body as a natural part of the menstrual cycle. So clots of tissue are usually nothing to be concerned about.",1,Meray haiz me chotay lothray kuyn hotay hai?,"aap ki mahvari ke douran waqtan foqatan kuch jhuriyan nazar aana bilkul mamool ki baat hai. yeh khoon ke jamnay hain jin mein tissue shaamil ho satke hain. jaisa ke bacha daani/uterus apni Aster ko bahati hai, yeh tissue mahvari ke qudrati hissay ke tor par jism se nikal jata hai. lehaza tissue ke jamnay aam tor par fikar mand honay ki koi cheez nahi hai .",,
I have an emergency concern,"Aga Khan University Hospital Karachi: 0307 2747074
Aurat Foundation Karachi: 582 4694 
Shirkat Gah Karachi: 432 21623 
Aurat Foundation Lahore: 595 9027-9 
Shirkat Gah Lahore: 583 8815
Aurat Foundation Peshawar: 260 8956-8 ",1,mujhe aik hungami tashweesh/emergency hai .,"Aga Khan University Hospital Karachi: 0307 2747074
Aurat Foundation Karachi: 582 4694 
Shirkat Gah Karachi: 432 21623 
Aurat Foundation Lahore: 595 9027-9 
Shirkat Gah Lahore: 583 8815
Aurat Foundation Peshawar: 260 8956-8 ",,
Can I go to school during my period,"Your period doesn’t have to stop you from doing things you usually do. You can still go to school, help at home, see your friends, play sports and do all the things you’d normally do.",1,Kia me mahvari ke darmian school jaa sakti hai?,"aap ki mahvari aap ko un kamon se roknay ki zaroorat nahi hai jo aap aam tor par karte hain. aap ab bhi school ja satke hain, ghar mein madad kar satke hain, apne doston ko dekh satke hain, khail khail satke hain aur woh tamam kaam kar satke hain jo aap aam tor par karte hain .",,
What is menopause?,Menopause is when your periods stop due to lower hormone levels. This usually happens between the ages of 45 and 55.,1,rajunorti/menopause/menopause kia hai?,rajunorti/menopause is waqt hoti hai jab hormone ki kam satah ki wajah se aap ki mahvari ruk jati hai. yeh aam tor par 45 aur 55 saal ki umar ke darmiyan hota hai .,,
Is it normal to have a period twice in a month?,"Yes, it’s possible. Why? Some months, your menstrual cycle may last for more or fewer days than the previous month. Or your cycle may start earlier or later than before. If you usually have a regular cycle, a change in your cycle could indicate a medical condition. In case of any concerns, please talk to your doctor to get individual medical advice.",1,Kia Mahinay me do dafa mahvari aana theek hai?,"haan, yeh mumkin hai. kyun? kuch mahino mein, aap ka mahvari pichlle mahinay ki nisbat ziyada ya kam dinon tak jari reh sakta hai. ya aap ka cycle pehlay se pehlay ya baad mein shuru ho sakta hai. agar aap ke paas aam tor par baqaida cycle hai, to aap ke cycle mein tabdeeli tibbi haalat ki nishandahi kar sakti hai. kisi bhi tashweesh ki soorat mein, barah karam infiradi tibbi mahswara haasil karne ke liye apne dr se baat karen .",,
What are the reasons for less bleeding during periods?,"Lighter periods than usual do not usually cause concern. People often find their menstrual flow varies from month-to-month, and some months are naturally lighter than others. The following factors can cause periods to be lighter than usual: a lack of ovulation, being underweight, stress, pregnancy or a medical condition. Please talk to your doctor to get individual medical advice. ",1,Mahvari ke darmian kum khoon anay ki waja kia hai?,"mamool se halka haiz aam tor par tashweesh ka baais nahi hota hai. log aksar dekhte hain ke un ki mahvari ka bahao maheena bah maheena mukhtalif hota hai, aur kuch mahinay qudrati tor par doosron ke muqablay halkay hotay hain. darj zail awamil mahvari ko mamool se halka kar satke hain : beza daani ki kami, wazan kam hona, tanao, hamal ya tibbi haalat. infiradi tibbi mahswara haasil karne ke liye barah karam –apne dr se baat karen. woh yeh bhi bta satke hain ke Maney hamal tareeqay aap ke mahvari ke dard ko kaisay kam kar satke hain .",,
Are cycle-related symptoms common?,"You are not alone! Cycle-related symptoms are experienced by about eight out of ten women at some stage during their fertile lives. If you complain about disturbances such as excessive cravings, you may experience symptoms that differ from those your sister or your best friend is suffering from. Even if your symptoms are identical to someone else‘s, you may feel them more or less intensely. If you suffer from any of these symptoms on a regular basis, always a few days before your period sets in, talk to your doctor.",1,Kia Cycle se mutaliq alaamat aam hai?,"tum tanha naahi ho! cycle se mutaliq alamaat das mein se aath khawateen ko un ki zarkhaiz zindagi ke douran kisi nah kisi marhalay par mehsoos hoti hain. agar aap pareshaniyon ke baray mein shikayat karte hain jaisay ke zaroorat se ziyada khwahisaat, aap ko aisi alamaat ka saamna karna par sakta hai jo aap ki behan ya aap ke behtareen dost se mukhtalif hon. yahan tak ke agar aap ki alamaat kisi aur se millti jalti hain, to aap inhen kam o besh shiddat se mehsoos kar satke hain. agar aap mustaqil bunyadon par un alamaat mein se kisi ka shikaar rehtay hain, to hamesha aap ki mahvari shuru honay se chand din pehlay, –apne dr se baat karen .",,
Is it normal to have no pain during periods?,"Period pain varies person to person and It may also vary with each period. Some periods may cause little or no discomfort, while others may be more painful. Sometimes you may get pelvic pain even when you do not have your period.",1,Kia ye normal hai ke mujay mahvari me dard na ho?,"mahvari ka dard har shakhs se mukhtalif hota hai aur yeh har daur ke sath bhi mukhtalif ho sakta hai. kuch adwaar mein thori ya koi takleef ho sakti hai, jabkay deegar ziyada takleef da ho sakti hain. baaz auqaat aap ko haiz nah anay par bhi sharoniye dard ho sakta hai .",Don't tease :),
Why Do I Feel So Full During My Period?,You may be experiencing bloating. Bloating usually occurs a week before and a few days into the period. Bloating is the cause of hormonal changes in your body.,1,Me apni Mahvari me itna bhara hua kuyn mehsoos karti hun?,aap ko phoolnay ka saamna ho sakta hai. aphara aam tor par mahvari se aik hafta pehlay aur chand din pehlay hota hai. اپھارہ aap ke jism mein hormonal tabdeelion ki wajah hai .,"Find a better ""scientific"" answer",
What is puberty?,"Between the ages of 8-15 (usually), all girls go through that life stage known as puberty. It starts with a rapid growth spurt - so you grow a few inches, your breasts bud, and then gasp - hair in new places! Finally you may notice a sticky white discharge on your underwear. It’s ok! This is just your body prepping for its first period. Once that happens, you’ve officially joined the club.",1,Balooghat kia hai?,"8-15 saal ki umar ke darmiyan ( aam tor par ), tamam larkiyan zindagi ke is marhalay se guzarti hain jisay baloghat kaha jata hai. yeh taizi se bherne ke sath shuru hota hai - lehaza aap kuch inch barhatay hain, aap ki chatiyon mein kaliyan aati hain, aur phir hanptay hain - nai jaghon par baal! aakhir mein aap –apne zair jama par aik chip chapa safaid madah dekh satke hain. theek hai! yeh sirf aap ka jism apni pehli muddat ke liye tayari kar raha hai. aik baar aisa honay ke baad, aap bazabta tor par club mein shaamil ho gaye hain .",Also include question on nausea and some home remedies,
How do periods affect weight,"Your weight may be affected by hormonal fluctuations, water retention, snacking and not exercising because of period pains. You may gain 1 to 2kg which generally goes away within a few days",1,Mahvari Wazan pe kis tarah asar karta hai?,"aap ka wazan harmons ke utaar charhao, pani ko barqarar rakhnay, snacking aur mahvari ke dard ki wajah se werzish nah karne se mutasir ho sakta hai. aap ka wazan 1 se 2 klov ho sakta hai jo aam tor par chand dinon mein khatam ho jata hai .",,
Is Premenstrual Syndrome real?,"Yes, PMS (premenstrual syndrome) is not a myth! 8 out of 10 women do experience some discomfort shortly before their monthly period sets in. These symptoms are caused by the hormonal changes of the cycle and for many women they are so severe that they impact on their daily lives – both in personal and working aspects.",1,Kia Premenstrual Syndrome haqiqi hai?,"jee haan, PMS ( premenstrual syndrome ) koi afsana nahi hai! 10 mein se 8 khawateen ko mahana mahvari shuru honay se kuch der pehlay kuch takleef hoti hai. yeh alamaat cycle ki hormonal tabdeelion ki wajah se hoti hain aur bohat si khawateen ke liye yeh itni shadeed hoti hain ke un ki roz marrah ki zindagi par assar parta hai zaati aur kaam ke dono pehluo mein. .",,
How Can I Control PMS Symptoms?,"You may want to exercise, skip salty foods, and cut back on caffeine the week before your period. If your mood is still tricky, talk to your doctor. They may suggest you take medication.",1,mein pms ki alamaat ko kaisay control kar sakti hon ?,"aap apni mahvari se aik hafta pehlay werzish karna, namkeen khaano ko chhorna, aur caffeine ko kam karna chahtay hain. agar aap ka mood ab bhi mushkil hai to apne dr se baat karen. woh aap ko dawa lainay ka mahswara day satke hain .","discourage medication, since it will cause dependency... every month for almost the rest of their lives.",
Why Do I Crave Junk Food?,"We're not sure what exactly causes cravings and other PMS symptoms, but it seems like hormones are involved. Some women really want foods like ice cream, chocolate, and potato chips when their period comes. Need something sweet? Reach for fruits instead. Want fatty, fried, or greasy foods? Choose healthier fatty foods like salmon and nuts.",1,Mujay Junk food khanay ki talab kuyn hoti hai?,"hamein yaqeen nahi hai ke khwahisaat aur pms ke deegar alamaat ka asal sabab kya hai, lekin aisa lagta hai ke harmons mulawis hain. kuch khawateen waqai mein ice kareem, chocolate aur aalo ke chips jaisay khanay ki khwahish karti hain jab un ki mahvari aati hai. kuch meetha chahiye? is ke bajaye phalon tak pohnchain. charbi wali, tali hui ya chiknai wali ghazayen chahtay hain? saalman aur giri daar meway jaisay sehat mand charbi walay khanay ka intikhab karen .",,
Should I tell my husband that I am on my period?,"Remember, there’s no shame in talking about your period or the changes in your body! It’s a natural and healthy process and getting it monthly(ish) means your body is doing its job. Plus, talking about your period openly with your partner is a significant first step to get into other important discussions, like birth control or sex. If you don’t feel comfortable talking about your period yet, consider whether it might be better to hold off on any decision to become sexually active until you and your partner can communicate openly about these topics.",1,kya mein –apne shohar ko bta dun ke mein mahvari par hon ?,"yaad rakhen, aap ki mahwaari ya aap ke jism mein honay wali tabdeelion ke baray mein baat karne mein koi sharam ki baat nahi hai! yeh aik qudrati aur sehat mand amal hai aur usay mahana haasil karne ka matlab hai ke aap ka jism apna kaam kar raha hai. is ke ilawa, –apne saathi ke sath apni mahwaari ke baray mein khil kar baat karna doosri ahem baat cheet mein shaamil honay ke liye aik ahem pehla qadam hai, jaisay birth control ya jinsi taluqaat. agar aap abhi tak apni mahvari ke baray mein baat karne mein raahat mehsoos nahi karte hain, to ghhor karen ke kya jinsi tor par fa-aal honay ke kisi bhi faislay ko is waqt tak rokna behtar hoga jab tak ke aap aur aap ka saathi un mozuaat ke baray mein khil kar baat nah kar len .",,
Can I get pregnant if I’ve never had my period?,"Yes, you can. We have to admit it can be a bit misleading, but yes, you can get pregnant before your first period and here is why: getting pregnant is related to ovulation. Ovulation means that your ovaries release an egg which is ready to be fertilized by male sperm. Your first ovulation occurs around 2 weeks before your first menstruation.",1,kya mein haamla ho sakti hon agar mujhe kabhi haiz nahi aaya ?,"haan tum kar satke ho. hamein tasleem karna parre ga ke yeh qadray gumraah kin ho sakta hai, lekin haan, aap apni pehli mahvari se pehlay haamla ho sakti hain aur is ki wajah yeh hai : haamla hona beza daani se mutaliq hai. beza daani ka matlab yeh hai ke aap ki beza daani aik anda kharij karti hai jo mardana nutfa ke zariye khaadne ke liye tayyar hai. aap ka pehla beza aap ki pehli mahvari se taqreeban 2 haftay pehlay hota hai .",,
Can menstrual irregularities lead to other health problems?,"The presence of menstrual irregularities can be a sign of other health problems such as thyroid disease, POI, endometriosis, PCOS, polyps, and uterine fibroids If left untreated, menstrual irregularities can lead to or contribute to other conditions. These possible conditions vary depending on the type of menstrual irregularity, but some include thickening of the lining of the uterus (called endometrial hyperplasia), low bone density, and iron-deficient anemia. It is important for a woman with a menstrual irregularity to speak to a health care provider to determine the cause of the irregularity and to receive appropriate treatment as necessary.",1,kya mahvari ki be qaidgi deegar sehat ke masail ka baais ban sakti hai ?,"mahvari ki be qaadgyon ki mojoodgi deegar sehat ke masail ki alamat ho sakti hai jaisay ke thyroid ki bemari, poi, endometriosis, pcos, polyps, aur uterine fibroids agar ilaaj nah kya jaye to mahvari ki be qaidgi deegar halaat ka baais ban sakti hai ya is mein hissa daal sakti hai. yeh mumkina halaat mahvari ki be qaidgi ki qisam ke lehaaz se mukhtalif hoti hain, lekin kuch mein bacha daani/uterus ki parat ka gaarha hona ( jisay endometrial hyperplasia kaha jata hai ), hadion ki kam kasafat, aur iron ki kami ka khoon ki kami shaamil hain. mahvari ki be qaidgi wali aurat ke liye yeh zaroori hai ke woh be qaidgi ki wajah ka taayun karne ke liye sehat ki dekh bhaal karne walay se baat kere aur zaroorat ke mutabiq munasib ilaaj haasil kere .",,
Can menstrual irregularities lead to cancer?,"Menstrual irregularities are often a sign of an underlying condition and, in some cases, the underlying condition may be associated with a higher risk for cancer. For example, absent and irregular periods associated with estrogen production but no progesterone production are associated with endometrial cancer in about 14% of women, if the problem is recurrent, Women who experience irregular periods on a frequent basis may also have a higher risk of ovarian cancer after age 70.4 Menstrual irregularities such as heavy or prolonged menstrual bleeding are not known to be associated with cancer.",1,kya mahvari ki be qaidgi cancer ka baais ban sakti hai ?,"mahvari ki be qaidgi aksar bunyadi haalat ki alamat hoti hai aur baaz sooraton mein, bunyadi haalat cancer ke ziyada khatray se munsalik ho sakti hai. misaal ke tor par, ghair haazir aur fasid mahvari estrogen ki pedawar se wabasta hai lekin progesterone ki pedawar taqreeban 14 % khawateen mein endometrial cancer se wabasta nahi hai, agar yeh masla baar baar hota hai. 70. 4 saal ki umar ke baad dambagarinti ka cancer mahvari ki be qaadgyon jaisay ke bohat ziyada ya taweel mahvari ka khoon behna cancer se wabasta nahi hai .",,
Why are my period cramps so painful?,"Painful period cramps could be caused by heavy menstrual bleeding, which often affects you to take part in everyday life around your period. Or they could be caused by endometriosis. In this painful condition, the cells or tissue lining the uterus, grow outside the uterus. You should see your doctor who can do a blood test and get your history to help you get better. ",1,"merray mahvari ke dard itnay takleef da kyun hain ?","mahvari ke douran bohat ziyada khoon behnay ki wajah se dard naak doraniye ke dard ho satke hain, jo aksar aap ko apni mahvari ke ird gird roz marrah ki zindagi mein hissa lainay par assar andaaz hota hai. ya woh endometriosis ki wajah se ho saktay hain. is takleef da haalat mein bacha daani/uterus ke andar mojood khaliyaat ya tissue bacha daani/uterus ke bahar barhatay hain. aap ko –apne dr se milna chahiye jo khoon ki jaanch kar sakta hai aur aap ki history haasil kar sakta hai taakay aap ko behtar honay mein madad miley. kuch hormonal Maney hamal adwiyaat un khawateen ya larkiyon ke liye registered hain jin ko mahvari mein bohat ziyada khoon aata hai jinhein Maney hamal ki bhi zaroorat hoti hai .",,
How to reduce period cramps?,"To reduce period cramps and pain you can try the following things: placing a heating pad on your belly or lower back, or having a hot bath. Cramps are a pretty standard part of having your period. But if your period pain is so painful that you can’t take part in everyday life, please consult your doctor.",1,mahvari ke dard ko kaisay kam kya jaye ?,"mahvari ke dard aur dard ko kam karne ke liye aap darj zail cheeze aazma satke hain : –apne pait ya kamar ke nichale hissay par hating pad rakhna, ya garam ghusal karna. dard aap ki mahvari ka aik khobsorat mayaari hissa hai. lekin agar aap ki mahvari ka dard itna takleef da hai ke aap roz marrah ki zindagi mein hissa nahi le satke to barah karam apne dr se rujoo karen .",same comments as on the other file,
How do I know if I have irregular periods?,"Your period is irregular if it comes more frequently than 21 days, or you go 35 days or more between period.",1,mein kaisay jaan sakti hon ke agar mujhe be qaida mahvari hai ?,"aap ki mahvari be qaida hai agar yeh 21 din se ziyada kasrat se aati hai, ya aap ki mahvari ke darmiyan 35 din ya is se ziyada guzar jatay hain .",,
Why are my periods irregular,"Sometimes irregular periods can be caused by some medicines, exercising too much, too low body weight, too high body weight, hormonal imbalances such as thyroid hormone level abnormalities can also cause irregular periods. Please consult with your doctor to get a proper diagnosis. ",1,mere mahvari be qaida kyun hain ?,"aap ki mahvari be qaida hai agar yeh 21 din se ziyada kasrat se aati hai, ya aap ki mahvari ke darmiyan 35 din ya is se ziyada guzar jatay hain .",,
How to treat irregular periods?,Making lifestyle changes to reduce or manage stress and maintain a healthy body weight may help regulate periods. Please consult your doctor to discuss treatment plans.,1,fasid mahvari ka ilaaj kaisay karen ?,tanao ko kam karne ya un ka intizam karne aur sehat mand jismani wazan ko barqarar rakhnay ke liye tarz zindagi mein tabdeelian karne se mahvari ko munazzam karne mein madad mil sakti hai. ilaaj ke mansoobon par baat karne ke liye apne dr se rujoo karen .,,
What is the difference between hormonal imbalance and irregular periods?,"A hormonal imbalance means that women or girls have too much or too little of a certain hormone (like estrogen and progesterone). Hormonal imbalances can be caused by unusually high stress, injury, trauma, and thyroid problems among other things. Estrogen, progesterone, testosterone, thyroxin, insulin and cortisol levels can be detected in the blood through blood tests. Please talk to your doctor for individual medical advice. Hormonal imbalance maybe the reason for irregular periods. Irregular periods is when the length of the menstrual cycle keeps changing. Young women whose cycles are not yet so well established often have hormonal fluctuations that can cause irregular periods.",1,hormonal adam tawazun/imbalance aur fasid Mahvari mein kya farq hai ?,"hormonal adam tawazun/imbalance ka matlab hai ke khawateen ya larkiyon mein kisi khaas hormone ki miqdaar bohat ziyada ya bohat kam hoti hai ( jaisay estrogen aur progesterone ). hormonal adam tawazun/imbalance deegar cheezon ke ilawa ghair mamooli tor par ziyada tanao, chout, sadme aur thyroid ke masail ki wajah se ho sakta hai. khoon ke test ke zariye khoon mein estrogen, progesterone, testosterone, thyroxin, insoline aur cortisol ki satah ka pata lagaya ja sakta hai. barah karam infiradi tibbi mashwaray ke liye apne dr se baat karen. hormonal adam tawazun/imbalance fasid mahvari ki wajah ho sakta hai. fasid mahvari is waqt hoti hai jab mahvari ki lambai musalsal badalti rehti hai. nojawan khawateen jin ke cycle abhi itnay achay tareeqay se qaim nahi hue hain un mein aksar hormonal utaar charhao hota hai jo be qaida mahvari ka sabab ban sakta hai .",,
What causes hormonal imbalance?,"A hormonal imbalance means that women or girls have too much or too little of a certain hormone (like estrogen and progesterone). Hormonal imbalances can be caused by unusually high stress, injury, trauma, and thyroid problems among other things. Estrogen, progesterone, testosterone, thyroxin, insulin and cortisol levels can be detected in the blood through blood tests. Please talk to your doctor for individual medical advice.",0.5,hormonal adam tawazun/imbalance ki kya wajah hai ?,"hormonal adam tawazun/imbalance ka matlab hai ke khawateen ya larkiyon mein kisi khaas hormone ki miqdaar bohat ziyada ya bohat kam hoti hai ( jaisay estrogen aur progesterone ). hormonal adam tawazun/imbalance deegar cheezon ke ilawa ghair mamooli tor par ziyada tanao, chout, sadme aur thyroid ke masail ki wajah se ho sakta hai. khoon ke test ke zariye khoon mein estrogen, progesterone, testosterone, thyroxin, insoline aur cortisol ki satah ka pata lagaya ja sakta hai. barah karam infiradi tibbi mashwaray ke liye apne dr se baat karen .",,
What are the symptoms of hormonal imbalance?,"Symptoms of hormonal imbalance include heavy or irregular periods, thinning hair or hair loss, weight gain or trouble losing weight, night sweats and many more.",0.5,hormonal adam tawazun/imbalance ki alamaat kya hain ?,"hormonal adam tawazun/imbalance ki alamaat mein bhaari ya be qaida mahvari, balon ka patla hona ya girna, wazan barhna ya wazan kam hona, raat ko paseena aana aur bohat kuch shaamil hain .",,
My Period Blood Color is Bright Red,"When your period blood is bright red, it means that it passed through your vagina fairly soon after entering your uterus. You're most likely to see bright red blood at the start of your period. You may also see brighter blood at times when you have cramps. That's because cramps occur when your uterus contracts, and contractions lead to heavier blood flow.",1,Meray Mahvari ka khoon Roshan Lal hai,"jab aap ka haiz ka khoon chamakdar surkh hota hai, to is ka matlab hai ke yeh aap ke reham mein daakhil honay ke kaafi jald baad aap ki andaam nihani/vagina se guzar gaya. aap ko apni mahvari ke aaghaz mein roshan surkh khoon dekhnay ka ziyada imkaan hai. jab aap ko dard hota hai to aap baaz auqaat roshan khoon bhi dekh satke hain. is ki wajah yeh hai ke dard is waqt hota hai jab aap ka bacha daani/uterus suker jata hai, aur sankejan/contractions se khoon ka bahao ziyada hota hai .",,
My period is dark red,"These colors suggest a slower flow. For most people, the blood gets darker over the course of the cycle. This is because older blood from the deeper parts of the uterine lining is shed later. Brown blood is also common in the weeks after you give birth. However, in some cases dark red or brown blood may be an early sign of pregnancy and black blood may be a sign of a vaginal blockage. If these colors are unexpected or abnormal for you, talk to your healthcare provider.",1,Meray Mahvari ka khoon Ghera Lal hai,"yeh rang sust bahao ki tajweez karte hain. ziyada tar logon ke liye, cycle ke douran khoon gehra ho jata hai. is ki wajah yeh hai ke bacha daani/uterus ke Aster ke gehray hisson se purana khoon baad mein bahaya jata hai. aap ki paidaiesh ke baad ke hafton mein bhoora khoon bhi aam hai. taham, baaz sooraton mein gehra surkh ya bhoora khoon hamal ki ibtidayi alamat ho sakta hai aur siyah khoon andaam nihani/vagina ki rukawat ki alamat ho sakta hai. agar yeh rang aap ke liye ghair mutawaqqa ya ghair mamooli hain to apne health care faraham kanandah se baat karen .",,
My period is brown in color,"These colors suggest a slower flow. For most people, the blood gets darker over the course of the cycle. This is because older blood from the deeper parts of the uterine lining is shed later. Brown blood is also common in the weeks after you give birth. However, in some cases dark red or brown blood may be an early sign of pregnancy and black blood may be a sign of a vaginal blockage. If these colors are unexpected or abnormal for you, talk to your healthcare provider.",1,Meray Mahvari ka Khoon Brown hai,"yeh rang sust bahao ki tajweez karte hain. ziyada tar logon ke liye, cycle ke douran khoon gehra ho jata hai. is ki wajah yeh hai ke bacha daani/uterus ke Aster ke gehray hisson se purana khoon baad mein bahaya jata hai. aap ki paidaiesh ke baad ke hafton mein bhoora khoon bhi aam hai. taham, baaz sooraton mein gehra surkh ya bhoora khoon hamal ki ibtidayi alamat ho sakta hai aur siyah khoon andaam nihani/vagina ki rukawat ki alamat ho sakta hai. agar yeh rang aap ke liye ghair mutawaqqa ya ghair mamooli hain to apne health care faraham kanandah se baat karen .",,
My period blood color is black ,"These colors suggest a slower flow. For most people, the blood gets darker over the course of the cycle. This is because older blood from the deeper parts of the uterine lining is shed later. Brown blood is also common in the weeks after you give birth. However, in some cases dark red or brown blood may be an early sign of pregnancy and black blood may be a sign of a vaginal blockage. If these colors are unexpected or abnormal for you, talk to your healthcare provider.",1,Meray Mahvari ka Khoon Kala hai,"yeh rang sust bahao ki tajweez karte hain. ziyada tar logon ke liye, cycle ke douran khoon gehra ho jata hai. is ki wajah yeh hai ke bacha daani/uterus ke Aster ke gehray hisson se purana khoon baad mein bahaya jata hai. aap ki paidaiesh ke baad ke hafton mein bhoora khoon bhi aam hai. taham, baaz sooraton mein gehra surkh ya bhoora khoon hamal ki ibtidayi alamat ho sakta hai aur siyah khoon andaam nihani/vagina ki rukawat ki alamat ho sakta hai. agar yeh rang aap ke liye ghair mutawaqqa ya ghair mamooli hain to apne health care faraham kanandah se baat karen .",,
Can I get pregnant during my period,"Yes, although it's not very likely. If you have sex without using contraception, you can conceive (get pregnant) at any time during your menstrual cycle, even during or just after your period.",1,kya mein apni mahvari ke douran haamla ho sakti hon,"jee haan, agarchay yeh bohat ziyada imkaan nahi hai. agar aap Maney hamal ka istemaal kiye baghair jinsi talluq rakhtay hain, to aap apne mahvari ke douran kisi bhi waqt haamla ho sakti hain, yahan tak ke aap ki mahvari ke douran ya is ke foran baad .",,
Can I have sex during menstruating,"Intercourse during menstruation is not permitted in Islam. Besides that, unless you're especially squeamish, you can have sexual activity during your period.",1,kya mein haiz ke douran sex kar sakti hon?,"islam mein haiz ke douran jamaa ki ijazat nahi hai. is ke ilawa, jab tak ke aap khaas tor par badmizaaj nah hon, aap apni muddat ke douran jinsi sargarmi kar satke hain .",,
I have a question regarding my period,Periods are a totally normal part of growing up. Every female including me gets her period each month roughly from the age of 11 until she reaches menopause. Don’t worry at all!. Ask me any questions you have.,1,Meray paas Mahvari ke hawalay se sawaal hai?,adwaar barray honay ka aik mukammal tor par aam hissa hain. mujh samait har aurat ko 11 saal ki umar se le kar rajunurti tak pounchanay tak har mah mahvari aati hai. bilkul fikar nah karo !. aap ka koi sawal mujh se poucheen .,,
What should you avoid during your periods?,"During menstruation, wearing the same sanitary product all day long or skipping meals and eating junk food should be avoided.",1,mahvari ke douran aap ko kin cheezon se parhaiz karna chahiye ?,mahvari ke douran din bhar aik hi sanitary numeral pahannay ya khana chorney aur junk food khanay se parhaiz karna chahiye .,,
I need help to track my period every month,You can track your period with an app called Clue. It is available on the Playstore. Here is a quick link to the app: https://helloclue.com/,1,mujhe har mah apni mahvari ko track karne mein madad ki zaroorat hai,aap Clue Nami app ke zariye apni muddat ko track kar satke hain. yeh pallay store par dastyab hai. app ka aik fori link yeh hai : https : / / helloclue. com /,,
I need immediate access to sanitary products ,You can buy them at the nearest store or order them online through DARAZ.Here is a link for it: https://www.daraz.pk/catalog/?q=pads&_keyori=ss&from=input&spm=a2a0e.searchlist.search.go.8c6029b8wWUnZl,1,mujhe sanitary masnoaat tak fori rasai ki zaroorat hai,aap inhen qareebi stor se khareed satke hain ya daraz ke zariye online order kar satke hain. is ka link yeh hai :  https://www.daraz.pk/catalog/?q=pads&_keyori=ss&from=input&spm=a2a0e.searchlist.search.go.8c6029b8wWUnZl ,,
Why are periods stigmatised ,"Because of social taboo and gender stereotypes that stigmatize menstruation as dirty, many people experience menstruation with shame and without access to the resources needed to manage their menstrual health safely.",1,mahvari ko badnaam kyun kya jata hai,"samaji mamnooa aur sanfi daqyanoosi tasawurat ki wajah se jo mahvari ko ganda qarar dete hain, bohat se log haiz ka tajurbah sharminda tabeer karte hain aur apni mahvari ki sehat ko mehfooz tareeqay se munazzam karne ke liye darkaar wasail tak rasai ke baghair .",,
I’m ashamed of buying sanitary products,"You should not be ashamed about it as menstruation is a completely natural process and it is important maintain them properly, that includes using the right products.  ",1,mujay sanitary masnoaat kharedtay huye sharam aati hai,"aap ko is ke baray mein sharminda nahi hona chahiye kyunkay haiz aik mukammal tor par qudrati amal hai aur un ko sahih tareeqay se barqarar rakhna zaroori hai, jis mein sahih masnoaat ka istemaal bhi shaamil hai .",,
How do I deal with my period at Night?,The simplest way is to use a pad or any other menstrual product.,1,mein raat ko apne mahvari se kaisay nimat sakti hon ?,sab se aasaan tareeqa yeh hai ke pad ya mahvari ki koi doosri masnoaat istemaal karen .,,
How do I stay clean during periods,You should change your period protection regularly and regularly wash your labial area. You should also dispose of your used period products hygienically.,1,mahvari ke douran mein kaisay saaf rahon ?,aap ko apne period protection ko baqaidagi se tabdeel karna chahiye aur apne labial area ko baqaidagi se dhona chahiye. aap ko apni istemaal shuda muddat ki masnoaat ko bhi hifzaan sehat ke sath thikaane lagana chahiye .,,
,,,bachon ko soojan hojata hai. ye kya masla hai,"mahvari ke dard aur dard ko kam karne ke liye aap darj zail cheeze aazma satke hain: apne pait ya kamar ke nichale hissay par hating pad rakhna, ya garam ghusal karna. dard aap ki mahvari ka aik khobsorat mayaari hissa hai. lekin agar aap ki mahvari ka dard itna takleef da hai ke aap roz marrah ki zindagi mein hissa nahi le satke to barah karam apne doctor se rujoo karen.",,
,,,mahwaari ka flow kabhi tez kabhi kam aata hai aur kabhi 3 din mai khatam hojata hai. aisa kyun,"mamool se halka ya bhari haiz aam tor par tashweesh ka baais nahi hota hai. log aksar dekhte hain ke un ki mahvari ka bahao maheena bah maheena mukhtalif hota hai, aur kuch mahinay qudrati tor par doosron ke muqablay halkay hotay hain. darj zail awamil mahvari ko mamool se halka kar satke hain : beza daani ki kami, wazan kam hona, tanao, hamal ya tibbi haalat. infiradi tibbi mahswara haasil karne ke liye barah karam –apne dr se baat karen. woh yeh bhi bta satke hain ke Maney hamal tareeqay aap ke mahvari ke dard ko kaisay kam kar satke hain .",,
,,,meri beti ko bohat kamzori hoti hai wo bistar se bhi nahi uth paati. tango aur pait mai dard hota hai,"mahvari ke dard bohat ziyada mahvari khoon behnay ya endometriosis ki wajah se ho saktay hain. endometriosis mein, bacha daani/uterus ke Aster walay khaliyaat ya tissue, bacha daani/uterus ke bahar barhatay hain. aap ko –apne dr se milna chahiye jo khoon ki jaanch kar sakta hai aur aap ki history haasil kar sakta hai taakay aap ko behtar honay mein madad miley.",,
,,,"hello mai, i have a question",jee haan! bilaa jhijhak mujh se apne sawalaat poucheen.,,
,,,hello. mujhe soojan hoti hai mai iske baare mai poochna chahti hun ye kyun hota hai takleef bhi deta hai,"mahvari ke dard bohat ziyada mahvari khoon behnay ya endometriosis ki wajah se ho saktay hain. endometriosis mein, bacha daani/uterus ke Aster walay khaliyaat ya tissue, bacha daani/uterus ke bahar barhatay hain. aap ko –apne dr se milna chahiye jo khoon ki jaanch kar sakta hai aur aap ki history haasil kar sakta hai taakay aap ko behtar honay mein madad miley.",,
,,,ublay huwe anday ke ilawa mai aur kya kha sakti hun,Ap kuch bhi kha sakti hein. Khanay ka mahawari pey koi asar nahi hai,,
,,,kya kapra istimaal karna chahiye,"Cloth pads can be safe to use as long as they are used hygienically. Cloth pads must be washed properly, dried under sunlight, and stored in dry and sterile places. Remember, when menstrual and personal hygiene is not practised, it can lead to infection. So be careful.",,
,,,mahwaari mai dard aata iska mai kya karun,"mahvari ke dard aur dard ko kam karne ke liye aap darj zail cheeze aazma satke hain: apne pait ya kamar ke nichale hissay par hating pad rakhna, ya garam ghusal karna. dard aap ki mahvari ka aik khobsorat mayaari hissa hai. lekin agar aap ki mahvari ka dard itna takleef da hai ke aap roz marrah ki zindagi mein hissa nahi le satke to barah karam apne doctor se rujoo karen.",,
,,,irregular periods mai kamzori hona sahi baat hai ke nahi,"Sometimes irregular periods can be caused by some medicines, exercising too much, having a very low or too high body weight, and hormonal imbalances. Please check with your doctor if you feel you have irregular periods. ",,
,,,jab pehli baar mahwaari aata hai tou kya karna chahiye,You should wash your hands with soap and water and place a sanitary pad in your underwear. Replace the used pad with a new pad every four to eight hours.,,
,,,"Salam, main aap se periods ke bare mein baat karna chahti hoon.",Wa alaikum assalam. Kya aapke periods ke baare mein kuch sawaal hai?,,
,,,"Haan, mujhe pads ke bare mein kuch pata nahi hai. Kaunse pads behtar hote hain aur kitne ghante tak pehne ja sakte hain?","Pads ke liye cotton ke pads istemaal karna behtar hota hai. Inhe har 4-6 ghante mein change karna chahiye taaki infection na ho. Agar aapko heavy flow hai to aap thick pads use kar sakte hain. Aur yaad rakhiye ki pads ko flush nahi karna chahiye, balki trash mein dispose karna chahiye.",,
,,,Mera periods bahut dardnak hota hai. Kya main kuch ghar par hi istemaal kar sakti hoon?,"Haan, aap ghar par hi kuch cheezein istemaal kar sakti hain. Jaise ki, aap garm paani ki bottle se apne pet par thanda paani lagayein. Isse aapko thoda rahat milega. Aap halki exercise kar sakti hain jaise ki walking, yoga, ya stretching. Isse aapko dard se rahat milegi.",,
,,,Mujhe pichle kuch mahine se periods ki date mein hamesha deri ho rahi hai. Kya yeh normal hai?,"Kabhi-kabhi periods mein deri hona normal hai, lekin agar yeh aapke saath lagatar ho raha hai toh aapko ek doctor se consult karna chahiye. Deri ke kai reasons ho sakte hain jaise ki thyroid problems, PCOS ya phir pregnancy. Isliye, ek doctor se consult karna behtar hoga.",,
,,,Mujhe periods ke dauran bahut kamzori mehsoos hoti hai. Kya main kuch aisa khaana kha sakti hoon jisse mujhe thoda energy mil jaaye?,"Haan, aap periods ke dauran protein aur iron rich diet ka sevan kar sakti hain. Jaise ki, spinach, lentils, eggs, meat, nuts, aur dairy products. In sab cheezon mein protein aur iron ki acchi matra hoti hai. Iske alawa, aap carbohydrate bhi le sakti hain, jaise ki brown rice, whole wheat bread ya phir fruits aur vegetables.",,
,,,"Mujhe tampons use karna hai, lekin main kaise use karu?","Tampons use karna thoda tricky ho sakta hai, lekin ek baar aap iske istemaal ko samajh jaayenge toh aapko comfortable feel hoga. Sabse pehle, haath ko dhoye aur tampon ke saath diye gaye instructions ko follow karein. Tampon ko applicator ki madad se vagina ke andar insert karein. Aapko tampon ke dhaage ko bahar nikalna hai taaki",,
,,,Main apne periods ke dauran swimming karna chahti hoon. Kya main swimming kar sakti hoon?,"Haan, aap swimming kar sakti hain. Lekin aapko tampon use karna hoga. Pads use karne se swimming uncomfortable ho sakta hai. Tampon aapko comfortable feel karwayega aur aap swimming enjoy kar sakte hain. Swimming ke baad tampon ko jarur change karein.",,
,,,Mujhe periods ke dauran jyada khoon nikalta hai. Kya yeh normal hai?,"Agar aapke periods mein jyada khoon nikalta hai, toh aapko ek doctor se consult karna chahiye. Heavy bleeding ke kai reasons ho sakte hain jaise ki fibroids, endometriosis, ya hormonal imbalances. Isliye, ek doctor se consult karna behtar hoga.",,
,,,Mere periods ke dauran itching aur irritation hoti hai. Kya main kuch ghar par hi kar sakti hoon?,"Agar aapko periods ke dauran itching aur irritation ho rahi hai, toh aap cotton ke underwear istemaal karein aur har roz nahayein. Aap neem ke patte aur aloe vera ka istemaal kar sakti hain. Isse aapko itching aur irritation se thoda rahat milega. Lekin agar itching aur irritation zyada ho rahi hai, toh aapko ek doctor se consult karna chahiye.",,
,,,Mere periods ke baad mujhe acne ho jaata hai. Kya main isse kaise rok sakti hoon?,"Periods ke baad acne hone ki wajah hormones ho sakte hain. Aap apne diet par dhyan rakhein aur junk food, oily food, aur processed food se door rahein. Apne chehre ko har roz saaf rakhein aur non-comedogenic skincare products ka istemaal karein. Iske alawa, aap ek dermatologist se consult kar sakti hain, jo aapko acne ke liye sahi treatment suggest karenge.",,
,,,Mujhe periods ke dauran bahut stress hota hai. Kya main kuch kar sakti hoon?,"Stress ke liye aap yoga aur meditation ka istemaal kar sakti hain. Isse aapka stress level kam hoga. Aap apne diet par bhi dhyan rakhein aur stress-relieving khanay jaise ki badaam aur dark chocolate ka istemal karein. Iske alawa, aap apne friends aur family ke saath time spend karein aur apne hobbies ko pursue karein. Isse aapka stress level kam hoga.",,
,,,Mere periods mein kabhi kabhi back pain hota hai. Kya yeh normal hai?,"Haan, periods ke dauran back pain hona normal hai. Lekin agar aapko bahut zyada pain ho rahi hai, toh aap ek doctor se consult karna chahiye. Aap garam paani ki bottle ya heating pad ka istemaal kar sakte hain, jisse aapko thoda rahat milega.",,
,,,"Main garam paani ki bottle ka istemaal karti hoon, lekin phir bhi dard zyada hota hai.","Agar garam paani ki bottle ka istemaal karne se bhi dard zyada ho raha hai, toh aapko ek doctor se consult karna chahiye. Aap doctor se pain relief medicine bhi le sakti hain, jo aapke dard ko kam kar degi.",,
,,,Mujhe ek aur baat pochni hai,Jee poochein,,
,,,Mujhe pads use karte waqt irritation hoti hai. Kya main kuch aur use kar sakti hoon?,"Agar pads use karne se aapko irritation ho rahi hai, toh aap cloth pads ya menstrual cups ka istemaal kar sakti hain. Cloth pads aur menstrual cups aapko comfortable feel karwayenge aur irritation se bachayenge.",,
,,,"Main menstrual cups use karna chahti hoon, lekin kaise use karna hai, mujhe nahi pata.","Menstrual cups ko use karna thoda sa tricky ho sakta hai, lekin iske liye aap online tutorials dekh sakti hain. Cup ko fold karna hota hai aur usse vagina mein insert karna hota hai. Cup ko 6-12 ghante tak use kiya jaa sakta hai. Iske alawa, aap cup ko sanitize karna bhi bhoolna nahi chahiye.",,
,,,Mujhe periods ke dauran kabhi kabhi mood swings ho jaate hain. Kya main isse kaise rok sakti hoon?,"Mood swings ke liye aap exercise kar sakti hain. Exercise aapke endorphins release karwayega, jo aapko positive feel karwayenge. Aap apne friends aur family ke saath time spend karein aur apne hobbies ko pursue karein. Isse aapka mood bhi achha hoga. Agar mood swings bahut zyada ho rahe hain, toh aap ek doctor se consult karna chahiye.",,
,,,"Main ek doctor se consult karna chahti hoon, lekin kya wo mujhe medicine prescribe karega?","Haan, doctor aapko medicine prescribe kar sakte hain, agar aapke mood swings bahut zyada hai. Lekin medicine ke istemaal se pehle, aapko doctor se baat karni chahiye aur unse medicine ke side effects aur risks ke baare mein jaankari leni chahiye.",,
,,,Kya aap ek aur sawal ka jawab deingi,Jee bilkul,,
,,,Main suna hai ki periods ke dauran nahana chahiye nahi. Kya yeh sach hai?,"Yeh sach nahin. Nahana safe aur healthy hai, aur aapko clean aur fresh feel karwayega.",,
,,,"Achha, main yeh nahi jaanti thi. Lekin maine suna hai ki periods ke dauran workout nahi karna chahiye. Kya yeh sach hai?"," Aap periods ke dauran bhi workout aur kasrat kar sakti hain. Lekin aapko comfortable feel karwaye wale kapde pehne chahiye aur high-intensity workout avoid karein. Agar aapko heavy bleeding ya severe cramps ho rahe hain, toh aapko rest lena chahiye.",,
,,,Apka bohat shukriya Mai.,Main apke liye hazir hon. Agar aur sawal bhi hon toh billa jhijhak pochlein,,
,,,Theek hai. Allah Hafiz,Allah Hafiz,,
,,,"Salam, Mai. Mujhe suna hai ki periods ke dauran kuch khane peene se mana karna chahiye. Kya yeh sach hai?","Aap periods ke dauran kuch bhi kha sakti hain, lekin aapko bazaari khanay aur caffeine avoid karna chahiye. Aap protein aur iron-rich kahan khayein, jaise ki chicken, machli, lobia, palak, aur daal.",,
,,,"Achha, lekin maine suna hai ki periods ke dauran kheera aur dahi nahi khana chahiye. Kya yeh sach hai?","Kheera aur dahi periods ke dauran khane mein safe aur healthy hai. Kheera aapko hydrate karne mein help karega aur dahi aapko probiotics provide karwayega, jo aapke stomach health ke liye beneficial hai.",,
,,,Maine suna hai ki periods ke dauran koi bhi medicines nahi leni chahiye. Kya yeh sach hai?,"Aap periods ke dauran mild pain relief medicines, jaise ki ibuprofen, paracetamol ya aspirin ka istemaal kar sakti hain. Lekin aapko doctor se consult karna chahiye, kyunki aapke health condition aur allergies ko dhyaan mein rakhte hue aapko medicines leni chahiye.",,
,,,Lekin maine suna hai ki periods ke dauran multivitamins aur iron supplements lena chahiye. Kya yeh sach hai?,"Haan, yeh sach hai. Periods ke dauran aapki body mein iron ki kami ho jaati hai, isliye aap iron supplements ka istemaal kar sakti hain. Multivitamins bhi aapki body ko essential nutrients provide karwate hain, jisse aapki overall health improve hoti hai. Lekin aapko doctor se consult karna chahiye, kyunki aapke health condition aur allergies ko dhyaan mein rakhte hue aapko supplements lena chahiye.",,
,,,Hello Mai. Main yeh jaanna chahti hoon ki periods ke kitne din baad pregnancy ka chance hota hai?,"Hi. Periods ke saath ovulation hota hai, jo ki usually 14th day se shuru hota hai. Agar aapki periods ki cycle 28 din ki hai, toh aapke ovulation day 14th day hoga. Is din intercourse karne se pregnancy ka chance zyada hota hai. Lekin yeh ek general guideline hai, aur har woman ki periods ki cycle alag hoti hai. Isliye aap ek doctor se consult kar sakti hain.",,
,,,Main yeh nahi jaanti ki periods ke dauran kya kya foods khana chahiye?,"Periods ke dauran aapko iron aur calcium jaise nutrients ki zarurat hoti hai. Aap palak, badam, aur dairy products jaise doodh, dahi, cheese ka istemaal kar sakti hain. Iske alawa, aap fruits aur vegetables bhi khayein, aur bazaari kahan aur processed food se bacheyin.",,
,,,Main yeh jaanna chahti hoon ki periods ke dauran baal kaise saaf rakhe jaayein?,"Aapko periods ke dauran apne baalo ko regularly shampoo karne ki zarurat hai, taaki scalp clean rahe. Agar aapko heavy bleeding hai, toh aap apne baalo ko ziyada baar shampoo kar sakti hain. Lekin aapko hair dryer ka istemaal avoid karna chahiye, kyunki yeh aapke scalp ko dry kar dega aur dandruff ka problem ho sakta hai.",,
,,,Shukria Mai,Koi masla nahin. ,,
,,,Bye,Bye. Apna khayal rakhein,,
,,,"Mai, main periods ke dauran severe abdominal pain ka samna kar rahi hoon, main kya karoon?","Agar aapko severe abdominal pain ho raha hai, toh aapko immediately apne doctor se consult karna chahiye. Iske alawa, aap painkiller le sakti hain, lekin isse pehle apne doctor se consult zaroor karein.",,
,,,"Mujhe periods ke dauran dizziness aur weakness ho rahi hai, main kya karoon?","Agar aapko periods ke dauran dizziness aur weakness ho rahi hai, toh aapko immediately apne doctor se consult karna chahiye. Iske alawa, aapko apne aahar mein iron aur calcium jaise nutrients ka zyada se zyada istemaal karna chahiye.",,
,,,"Mujhe periods ke dauran high fever ho gaya hai, main kya karoon?","Agar aapko periods ke dauran high fever ho gaya hai, toh aapko immediately apne doctor se consult karna chahiye. Aapko apne doctor ke pass jaana chahiye, taaki unhe aapke condition ka pata chale aur sahi treatment diya ja sake.",,
,,,Assalaulaikum Mai,Walaikum Asallam. Ajj main apki kaise madad kar sakti hon?,,
,,,"Mujhe pochna tha, kya main mahwari ke doran roza rakhsakti hon","Jee nahin. periods ke doran, Islam rozay rakhne ki ijazat nahin deta.",,
,,,Ek aur sawal hai,Jee bolein,,
,,,Kya hum periods ke dauran namaz padh sakte hain?,"Nahin, periods ke dauran namaz padhna mana hai. Magar aap dhikr, tasbeeh aur dua parh sakti hain.",,
,,,Kya hum periods ke dauran Quran sharif ko chhu sakte hain?,"Nahin, periods ke dauran Quran sharif ko chhuna mana hai.",,
,,,mujhe mahvari kyun hota hai ,"jism har mah aik anda peda karta hai. bacha daani/uterus ki parat aik anday ke liye tayyar karne ke liye mouti ho jati hai jo aurat ke haamla honay ki soorat mein khad daali jati hai. agar anday ko fertilise nah kya jaye to jism is se nijaat paata hai. is ke baad Aster ko jism se khoon ke tor par andaam nihani/vagina ke zariye kharij kya jata hai. is mahana amal ko haiz ya muddat kaha jata hai. lehaza jab kisi larki ko mahvari hoti hai, to is ke jism se khoon ki thori si miqdaar aur kuch ghair zaroori tissues nikaltay hain. yeh tamam khawateen ke liye aik fitri, normal jismani amal hai kyunkay woh aurat ban jati hain aur jismani tor par baaligh hoti hain .",,
,,,kitne arsay tak khoon bahay ga?,"aap ka mahvari 3 se 8 din ke darmiyan reh sakta hai, lekin yeh aam tor par taqreeban 5 din tak jari rahay ga. khoon behna pehlay 2 dinon mein sab se ziyada hoga .",,
,,,kya ye bas aik baar mai khatam hojaega,mahvari har 21 se 35 din baad hoti hai. 12 saal ki umar se shuru hota hai aur 50 saal ki umar tak hota hai .,,
,,,lekin mujhe do aik pichle mahine do baar haiz huwa tha,"haan, yeh mumkin hai. kyun? kuch mahino mein, aap ka mahvari pichlle mahinay ki nisbat ziyada ya kam dinon tak jari reh sakta hai. ya aap ka cycle pehlay ya baad mein shuru ho sakta hai. agar aap ka aam tor par baqaida cycle hai, to aap ke cycle mein tabdeeli tibbi haalat ki nishandahi kar sakti hai. kisi bhi tashweesh ki soorat mein, barah karam infiradi tibbi mahswara haasil karne ke liye apne doctor se baat karen",,
,,,mujhe kaise pata chalega ke mujhe mahvari kab aaegi,aap clue nami app ke zariye apne mahvari ko track kar satke hain. yeh play store par dastyab hai.app ka aik fori link yeh hai : https://helloclue.com//,,
,,,kya mai kisi tareeqe se ye pata laga sakti hun ke meri agli mahvari kab aaegi,aap clue nami app ke zariye apne mahvari ko track kar satke hain. yeh play store par dastyab hai.app ka aik fori link yeh hai : https://helloclue.com//,,
,,,meri mahvari kabhi waqt se pehle aati hai,"aap ki mahvari be qaida hai agar yeh 21 din se ziyada kasrat se aati hai, ya aap mahvari ke darmiyan 35 din ya is se ziyada jatay hain .",,
,,,meri mahvari kabhi der se aati hai,"aap ki mahvari be qaida hai agar yeh 21 din se ziyada kasrat se aati hai, ya aap mahvari ke darmiyan 35 din ya is se ziyada jatay hain .",,
,,,meri mahvari ka muddat kabhi kam kabhi zyada hota hai,"aap ki mahvari be qaida hai agar yeh 21 din se ziyada kasrat se aati hai, ya aap mahvari ke darmiyan 35 din ya is se ziyada jatay hain .",,
,,,mere mahvaari ke auqaat is tarah aagay peeche kyun hota hai ,"baaz auqaat be qaida mahvari kuch adwiyaat, bohat ziyada werzish, bohat kam ya bohat ziyada jismani wazan, aur hormonal adam tawazun/imbalance ki wajah se ho sakti hai. agar aap ko lagta hai ke aap ko be qaida mahvari hai to barah karam apne dr se rujoo karen .",,
,,,kya mai isko kisi tarah theek karsakti hun?,be qaida mahvari ke liye aam tor par –apne dr se mahswara karne ki koi fori wajah nahi hoti. lekin agar aap fikar mand hain to barah karam aisa karen. agar aap ko Maney hamal ki zaroorat ho to aap ka dr aap ko hormonal Maney hamal adwiyaat tajweez karkay is mein aap ki madad karsaktha hai jo nah sirf ghair iraadi hamal ko qabil aetmaad tareeqay se roktay hain balkay aap ke mahvari ko bhi mustahkam kar saktay hain taakay aap apne mahvari ke liye behtar mansoobah bandi kar saken .,,
,,,kya be qaida haiz ka mere sehat par asar hosakta hai ,"mahvari ki be qaadgyon ki mojoodgi deegar sehat ke masail ki alamat ho sakti hai jaisay ke thyroid ki bemari, poi, endometriosis, pcos, polyps, aur uterine fibroids agar ilaaj nah kya jaye to mahvari ki be qaidgi deegar halaat ka baais ban sakti hai ya is mein hissa daal sakti hai. yeh mumkina halaat mahvari ki be qaidgi ki qisam ke lehaaz se mukhtalif hoti hain, lekin kuch mein bacha daani/uterus ki parat ka gaarha hona ( jisay endometrial hyperplasia kaha jata hai ), hadion ki kam kasafat, aur iron ki kami ka khoon ki kami shaamil hain. mahvari ki be qaidgi wali aurat ke liye yeh zaroori hai ke woh be qaidgi ki wajah ka taayun karne ke liye sehat ki dekh bhaal karne walay se baat kere aur zaroorat ke mutabiq munasib ilaaj haasil kere .",,
,,,mujhe haiz mai school jaane ki ijazat nahi milti,"aap ki mahwaari aap ko un kamon se roknay ki zaroorat nahi hai jo aap aam tor par karte hain. aap ab bhi school ja satke hain, ghar mein madad kar satke hain, –apne doston ko dekh satke hain, khail khail satke hain aur woh tamam kaam kar satke hain jo aap aam tor par karte hain .",,
,,,haiz mai kya karna chahiye,"apne haath sabun aur pani se dhowen aur,  pad pehne. istemaal shuda pad ko har chaar se aath ghantay baad naye pad se tabdeel karen .",,
,,,mai pads kahaan se khareed sakti hun,Aap unhe qareebi store ya daraz ke zariye online order karsakte hai. Uska link ye hai https://www.daraz.pk/catalog/?q=pads&_keyori=ss&from=input&spm=a2a0e.searchlist.search.go.8c6029b8wWUnZl,,
,,,pad ko kitni der mai badalna chahiye,"apni hifzaan sehat ka khayaal rakhnay ke liye, har chaar se aath ghantay baad apna pad tabdeel karna zaroori hai .",,
,,,apne neeche hisse ko mai kaise saaf rakhun?,aap ko baqaidagi se –apne labial area ko saaf pani se dhona chahiye. aap ko apni istemaal shuda muddat ki masnoaat ko bhi hifzaan sehat ke sath zaya karna chahiye .,,
,,,kya aam tor par mahvari mai dard hota hai,kuch larkiyon aur khawateen ko un ki mahvari ke douran dard ya deegar alamaat hoti hain jo takleef da hosakti hain. yeh aam tor par haiz ke douran aap ke jism se kharij honay walay harmons ki wajah se hota hai jis ki wajah se bacha daani/uterus suker jati hai taakay yeh is ke Aster ko baha sakay .,,
,,,jab mahvari ka khoon nikalta hai tou kya dard hona aik aam baat hai?,kuch larkiyon aur khawateen ko un ki mahvari ke douran dard ya deegar alamaat hoti hain jo takleef da hosakti hain. yeh aam tor par haiz ke douran aap ke jism se kharij honay walay harmons ki wajah se hota hai jis ki wajah se bacha daani/uterus suker jati hai taakay yeh is ke Aster ko baha sakay .,,
,,,mujhe uske liye kya karna chahiye,"mahvari ke dard aur dard ko kam karne ke liye aap darj zail cheeze aazma satke hain : –apne pait ya kamar ke nichale hissay par hating pad rakhna, ya garam ghusal karna. dard aap ki mahvari ka aik khobsorat mayaari hissa hai. lekin agar aap ki mahvari ka dard itna takleef da hai ke aap roz marrah ki zindagi mein hissa nahi le satke to barah karam apne doctor se rujoo karen .",,
,,,kya mai mahvari ke dard keliye kuch kar sakti hun ,"mahvari ke dard aur dard ko kam karne ke liye aap darj zail cheeze aazma satke hain : –apne pait ya kamar ke nichale hissay par hating pad rakhna, ya garam ghusal karna. dard aap ki mahvari ka aik khobsorat mayaari hissa hai. lekin agar aap ki mahvari ka dard itna takleef da hai ke aap roz marrah ki zindagi mein hissa nahi le satke to barah karam apne doctor se rujoo karen .",,
,,,haiz ke doran mujhe bohat takleef hoti hai,"dard naak mahvari ke dard bohat ziyada mahvari khoon behnay ya endometriosis ki wajah se ho saktay hain. endometriosis mein, bacha daani/uterus ke Aster walay khaliyaat ya tissue, bacha daani/uterus ke bahar barhatay hain. aap ko –apne dr se milna chahiye jo khoon ki jaanch kar sakta hai aur aap ki history haasil kar sakta hai taakay aap ko behtar honay mein madad miley .",,
,,,mere mahvari mai mujhe bohat zyada dard mehsoos hota hai,"dard naak mahvari ke dard bohat ziyada mahvari khoon behnay ya endometriosis ki wajah se ho saktay hain. endometriosis mein, bacha daani/uterus ke Aster walay khaliyaat ya tissue, bacha daani/uterus ke bahar barhatay hain. aap ko –apne dr se milna chahiye jo khoon ki jaanch kar sakta hai aur aap ki history haasil kar sakta hai taakay aap ko behtar honay mein madad miley .",,
,,,mujhe mere mahwaari ka rang kuch ajeeb lag raha hai,mahvari ka rang roshan surkh se gehra bhoora aur siyah hota hai. douran khoon ka rang is baat par munhasir hota hai ke khoon kitni der tak bacha daani/uterus aur andaam nihani/vagina mein rehta hai .,,
,,,mahvari ki zaroorat kya hai?,"jism har mah aik anda peda karta hai. bacha daani/uterus ki parat aik anday ke liye tayyar karne ke liye mouti ho jati hai jo aurat ke haamla honay ki soorat mein khad daali jati hai. agar anday ko frtilayz nah kya jaye to jism is se nijaat paata hai. is ke baad Aster ko jism se khoon ke tor par andaam nihani/vagina ke zariye kharij kya jata hai. is mahana amal ko haiz ya muddat kaha jata hai. lehaza jab kisi larki ko mahvari hoti hai, to is ke jism se khoon ki thori si miqdaar aur kuch ghair zaroori tissues nikaltay hain. yeh tamam khawateen ke liye aik fitri, normal jismani amal hai kyunkay woh aurat ban jati hain aur jismani tor par baaligh hoti hain .",,
,,,aam khoon aur mahvari ke khoon mai koyi farq hai?,"mahvari ka khoon isi khoon se bana hota hai jo aap ki ragon se beh raha hai, lekin is mein woh tissue bhi hota hai jo aap ki bacha daani/uterus ki parat se baha hota hai. is liye is ka rang aur mustaqil mizaji is se mukhtalif hai jo aap dekhen ge ke agar aap apni ungli kaat den ge .",,
,,,mahwari konse umar se shuru hota hai,"mahvari aam tor par 12 saal ki umar mein shuru hoti hai, halaank kuch larkiyan is se pehlay ya baad mein shuru karen gi. adwaar shuru honay mein takheer aam tor par tashweesh ka baais nahi hoti. ziyada tar larkiyon ko 16 se 18 saal ki umar mein baqaidagi se mahvari anay lagti hai .",,
,,,mujhe kaise pata chalega meri mahwari ka khoon behna shuru hogaya hai,"aap ke mahvari ka asal bahao ziyada mehsoos nahi hota jab yeh ho raha hai. imkanaat hain, aap ko yeh mehsoos bhi nahi hoga ke yeh bahar aata hai. jab aap waqai apni mahvari shuru karte hain, to aap ko apne private hissay mein kuch nami mehsoos hosakti hai - yeh aap ke zair jama par khoon ke chand dhabbon ki wajah se ho sakta hai .",,
,,,khoon kitne dino tak aata hai,"aap ki mahwaari 3 se 8 din ke darmiyan reh sakti hai, lekin yeh aam tor par taqreeban 5 din tak jari rahay gi. khoon behna pehlay 2 dinon mein sab se ziyada hota hai .",,
,,,kya pre menstrual syndrome sirf baatein hai ya sach mai hota hai?,"jee haan, PMS ( premenstrual syndrome ) koi afsana nahi hai! 10 mein se 8 khawateen ko mahana mahvari shuru honay se kuch der pehlay kuch takleef hoti hai. yeh alamaat cycle ki hormonal tabdeelion ki wajah se hoti hain aur bohat si khawateen ke liye yeh itni shadeed hoti hain ke un ki roz marrah ki zindagi par assar parta hai zaati aur kaam ke dono pehluo mein. .",,
,,,aur kya mahvari se mera wazan kam ya zyada hosakta hai?,"aap ka wazan harmons ke utaar charhao, pani ko barqarar rakhnay, snacking aur mahvari ke dard ki wajah se werzish nah karne se mutasir ho sakta hai. aap ka wazan 1 se 2 klov ho sakta hai jo aam tor par chand dinon mein khatam ho jata hai .",,
,,,mujhe apne mahwaari ke dard ko kam karna hai,"mahvari ke dard aur dard ko kam karne ke liye aap darj zail cheeze aazma satke hain : –apne pait ya kamar ke nichale hissay par hating pad rakhna, ya garam ghusal karna. dard aap ki mahvari ka aik khobsorat mayaari hissa hai. lekin agar aap ki mahvari ka dard itna takleef da hai ke aap roz marrah ki zindagi mein hissa nahi le satke to barah karam apne dr se rujoo karen .",,
,,,meri mahwaari waqt pe kyun nahi aati,"aap ki mahvari be qaida hai agar yeh 21 din se ziyada kasrat se aati hai, ya aap ki mahvari ke darmiyan 35 din ya is se ziyada guzar jatay hain .",,
,,,aisi kya cheezain hai jo mujhe mahwaari mai nahi karna chahiye,mahvari ke douran din bhar aik hi sanitary numeral pahannay ya khana chorney aur junk food khanay se parhaiz karna chahiye .,,
,,,mujhe khoon jama karne keliye kya cheezain istemaal karna chahiye meri madad karein,aap inhen qareebi stor se khareed satke hain ya daraz ke zariye online order kar satke hain. is ka link yeh hai :  https://www.daraz.pk/catalog/?q=pads&_keyori=ss&from=input&spm=a2a0e.searchlist.search.go.8c6029b8wWUnZl ,,
,,,mujhe abhi sanitary products kahaan se milegi,aap inhen qareebi stor se khareed satke hain ya daraz ke zariye online order kar satke hain. is ka link yeh hai :  https://www.daraz.pk/catalog/?q=pads&_keyori=ss&from=input&spm=a2a0e.searchlist.search.go.8c6029b8wWUnZl ,,
,,,haiz ko itni buri cheez kyun samjhi jaati hai,"samaji mamnooa aur sanfi daqyanoosi tasawurat ki wajah se jo mahvari ko ganda qarar dete hain, bohat se log haiz ka tajurbah sharminda tabeer karte hain aur apni mahvari ki sehat ko mehfooz tareeqay se munazzam karne ke liye darkaar wasail tak rasai ke baghair .",,
,,,kya waqayi mahvaari ka aana buri baat hai?,"samaji mamnooa aur sanfi daqyanoosi tasawurat ki wajah se jo mahvari ko ganda qarar dete hain, bohat se log haiz ka tajurbah sharminda tabeer karte hain aur apni mahvari ki sehat ko mehfooz tareeqay se munazzam karne ke liye darkaar wasail tak rasai ke baghair .",,
,,,mahvari mai hum apna safayi ka khayal kaise rakh sakte hai?,aap ko apne period protection ko baqaidagi se tabdeel karna chahiye aur apne labial area ko baqaidagi se dhona chahiye. aap ko apni istemaal shuda muddat ki masnoaat ko bhi hifzaan sehat ke sath thikaane lagana chahiye .,,
,,,haiz ke doran mujhe apni safayi ka khayal kaise rakhna chahiye,aap ko apne period protection ko baqaidagi se tabdeel karna chahiye aur apne labial area ko baqaidagi se dhona chahiye. aap ko apni istemaal shuda muddat ki masnoaat ko bhi hifzaan sehat ke sath thikaane lagana chahiye .,,
,,,hormonal adam tawazun/imbalance be qaida mahvaari se alag kaise hai,"hormonal adam tawazun/imbalance ki mukhtalif alamaat hain jin mein bhaari ya be qaida mahvari, balon ka patla hona ya girna, wazan barhna ya wazan kam hona, raat ko paseena aana aur bohat kuch .",,